#
# There is insufficient memory for the Java Runtime Environment to continue.
# Native memory allocation (malloc) failed to allocate 1771856 bytes for Chunk::new
# Possible reasons:
#   The system is out of physical RAM or swap space
#   The process is running with CompressedOops enabled, and the Java Heap may be blocking the growth of the native heap
# Possible solutions:
#   Reduce memory load on the system
#   Increase physical memory or swap space
#   Check if swap backing store is full
#   Decrease Java heap size (-Xmx/-Xms)
#   Decrease number of Java threads
#   Decrease Java thread stack sizes (-Xss)
#   Set larger code cache with -XX:ReservedCodeCacheSize=
#   JVM is running with Unscaled Compressed Oops mode in which the Java heap is
#     placed in the first 4GB address space. The Java Heap base address is the
#     maximum limit for the native heap growth. Please use -XX:HeapBaseMinAddress
#     to set the Java Heap base and to place the Java Heap above 4GB virtual address.
# This output file may be truncated or incomplete.
#
#  Out of Memory Error (arena.cpp:189), pid=35664, tid=44460
#
# JRE version: Java(TM) SE Runtime Environment (17.0.11+7) (build 17.0.11+7-LTS-207)
# Java VM: Java HotSpot(TM) 64-Bit Server VM (17.0.11+7-LTS-207, mixed mode, sharing, tiered, compressed oops, compressed class ptrs, g1 gc, windows-amd64)
# No core dump will be written. Minidumps are not enabled by default on client versions of Windows
#

---------------  S U M M A R Y ------------

Command Line: -XX:MaxMetaspaceSize=512m --add-opens=java.base/java.util=ALL-UNNAMED --add-opens=java.base/java.lang=ALL-UNNAMED --add-opens=java.base/java.lang.invoke=ALL-UNNAMED --add-opens=java.prefs/java.util.prefs=ALL-UNNAMED --add-exports=jdk.compiler/com.sun.tools.javac.api=ALL-UNNAMED --add-exports=jdk.compiler/com.sun.tools.javac.util=ALL-UNNAMED --add-opens=java.base/java.nio.charset=ALL-UNNAMED --add-opens=java.base/java.net=ALL-UNNAMED --add-opens=java.base/java.util.concurrent.atomic=ALL-UNNAMED -Xmx2048m -Dfile.encoding=windows-1252 -Duser.country=IN -Duser.language=en -Duser.variant -javaagent:C:\Users\Admin\.gradle\wrapper\dists\gradle-8.10.2-all\7iv73wktx1xtkvlq19urqw1wm\gradle-8.10.2\lib\agents\gradle-instrumentation-agent-8.10.2.jar org.gradle.launcher.daemon.bootstrap.GradleDaemon 8.10.2

Host: Intel(R) Core(TM) i5-10310U CPU @ 1.70GHz, 8 cores, 7G,  Windows 11 , 64 bit Build 26100 (10.0.26100.4484)
Time: Fri Aug  8 14:04:13 2025 India Standard Time elapsed time: 258.795038 seconds (0d 0h 4m 18s)

---------------  T H R E A D  ---------------

Current thread (0x000002d92079ca60):  JavaThread "C2 CompilerThread0" daemon [_thread_in_native, id=44460, stack(0x000000f838000000,0x000000f838100000)]


Current CompileTask:
C2: 258795 30431   !   4       java.lang.reflect.Field::declaredAnnotations (82 bytes)

Stack: [0x000000f838000000,0x000000f838100000]
Native frames: (J=compiled Java code, j=interpreted, Vv=VM code, C=native code)
V  [jvm.dll+0x679cca]
V  [jvm.dll+0x7da13d]
V  [jvm.dll+0x7dba83]
V  [jvm.dll+0x7dc0f3]
V  [jvm.dll+0x2449af]
V  [jvm.dll+0xab83b]
V  [jvm.dll+0xabe1c]
V  [jvm.dll+0x36155f]
V  [jvm.dll+0x32bd61]
V  [jvm.dll+0x32b1fa]
V  [jvm.dll+0x2161df]
V  [jvm.dll+0x21560f]
V  [jvm.dll+0x1a2040]
V  [jvm.dll+0x225a2b]
V  [jvm.dll+0x223bcb]
V  [jvm.dll+0x7903ec]
V  [jvm.dll+0x78a85a]
V  [jvm.dll+0x678bb5]
C  [ucrtbase.dll+0x37b0]
C  [KERNEL32.DLL+0x2e8d7]
C  [ntdll.dll+0x3c34c]


---------------  P R O C E S S  ---------------

Threads class SMR info:
_java_thread_list=0x000002d94f2fb860, length=153, elements={
0x000002d902587f30, 0x000002d92077c530, 0x000002d92077ce00, 0x000002d920790e10,
0x000002d9207936f0, 0x000002d920793fc0, 0x000002d920794890, 0x000002d92079ca60,
0x000002d9207a5430, 0x000002d9207a8150, 0x000002d9209aeb40, 0x000002d920af87d0,
0x000002d94193d7c0, 0x000002d94193fb30, 0x000002d941940040, 0x000002d94193e6f0,
0x000002d94193f620, 0x000002d94193ec00, 0x000002d941940f70, 0x000002d94193dcd0,
0x000002d941940a60, 0x000002d94193f110, 0x000002d941940550, 0x000002d9420651f0,
0x000002d942067050, 0x000002d942067560, 0x000002d9420689a0, 0x000002d942068eb0,
0x000002d942067a70, 0x000002d942066120, 0x000002d942067f80, 0x000002d942065700,
0x000002d942068490, 0x000002d942066630, 0x000002d942065c10, 0x000002d9420698d0,
0x000002d942069de0, 0x000002d94206a2f0, 0x000002d942066b40, 0x000002d94206b730,
0x000002d94206cb70, 0x000002d94206ad10, 0x000002d94206c150, 0x000002d94206bc40,
0x000002d9423d82f0, 0x000002d9423d7de0, 0x000002d9423d4b40, 0x000002d9423d5560,
0x000002d9423d5f80, 0x000002d9423d5050, 0x000002d9423d5a70, 0x000002d9423d9730,
0x000002d9423d8800, 0x000002d9423d8d10, 0x000002d9423d9220, 0x000002d9423d73c0,
0x000002d9423d69a0, 0x000002d9423d78d0, 0x000002d9423d6eb0, 0x000002d9423d9c40,
0x000002d9423d6490, 0x000002d9423db590, 0x000002d9423da150, 0x000002d9423dc4c0,
0x000002d9423dab70, 0x000002d9423db080, 0x000002d9423dbaa0, 0x000002d9423dbfb0,
0x000002d944993db0, 0x000002d944991a40, 0x000002d9449942c0, 0x000002d9449947d0,
0x000002d944994ce0, 0x000002d944991530, 0x000002d944998490, 0x000002d9449989a0,
0x000002d944997050, 0x000002d944996630, 0x000002d944996120, 0x000002d944997560,
0x000002d944995c10, 0x000002d9449951f0, 0x000002d944996b40, 0x000002d944997a70,
0x000002d944997f80, 0x000002d944998eb0, 0x000002d944995700, 0x000002d940b838b0,
0x000002d940b81a50, 0x000002d940b81f60, 0x000002d940b82470, 0x000002d940b80b20,
0x000002d940b81030, 0x000002d940b81540, 0x000002d940b82e90, 0x000002d940b833a0,
0x000002d940b80100, 0x000002d940b83dc0, 0x000002d940b80610, 0x000002d940b85c20,
0x000002d940b85710, 0x000002d940b847e0, 0x000002d940b85200, 0x000002d940b842d0,
0x000002d940b84cf0, 0x000002d940b86130, 0x000002d940b82980, 0x000002d940b86640,
0x000002d940b86b50, 0x000002d940b87060, 0x000002d940b87570, 0x000002d9455b61f0,
0x000002d9455b4db0, 0x000002d9455b57d0, 0x000002d9455b6700, 0x000002d9455b6c10,
0x000002d9455b5ce0, 0x000002d9455b7120, 0x000002d9455b52c0, 0x000002d9455b3970,
0x000002d9455b7630, 0x000002d9455b48a0, 0x000002d9455b3e80, 0x000002d9455b7b40,
0x000002d9455b4390, 0x000002d9455b8f80, 0x000002d9455b8050, 0x000002d9455b8560,
0x000002d9455b8a70, 0x000002d9455b9eb0, 0x000002d9455bb2f0, 0x000002d9455b99a0,
0x000002d9455ba3c0, 0x000002d9455ba8d0, 0x000002d9455bade0, 0x000002d940b87a80,
0x000002d94193e1e0, 0x000002d945e4eea0, 0x000002d945e4da60, 0x000002d945e4f8c0,
0x000002d945e4fdd0, 0x000002d945e4d040, 0x000002d944992460, 0x000002d944992e80,
0x000002d94206c660, 0x000002d94206a800, 0x000002d944993390, 0x000002d945e4df70,
0x000002d946457810, 0x000002d946457d20, 0x000002d946455ec0, 0x000002d9464563d0,
0x000002d946458740
}

Java Threads: ( => current thread )
  0x000002d902587f30 JavaThread "main" [_thread_blocked, id=41464, stack(0x000000f837300000,0x000000f837400000)]
  0x000002d92077c530 JavaThread "Reference Handler" daemon [_thread_blocked, id=35772, stack(0x000000f837a00000,0x000000f837b00000)]
  0x000002d92077ce00 JavaThread "Finalizer" daemon [_thread_blocked, id=14476, stack(0x000000f837b00000,0x000000f837c00000)]
  0x000002d920790e10 JavaThread "Signal Dispatcher" daemon [_thread_blocked, id=11352, stack(0x000000f837c00000,0x000000f837d00000)]
  0x000002d9207936f0 JavaThread "Attach Listener" daemon [_thread_blocked, id=39440, stack(0x000000f837d00000,0x000000f837e00000)]
  0x000002d920793fc0 JavaThread "Service Thread" daemon [_thread_blocked, id=34124, stack(0x000000f837e00000,0x000000f837f00000)]
  0x000002d920794890 JavaThread "Monitor Deflation Thread" daemon [_thread_blocked, id=13252, stack(0x000000f837f00000,0x000000f838000000)]
=>0x000002d92079ca60 JavaThread "C2 CompilerThread0" daemon [_thread_in_native, id=44460, stack(0x000000f838000000,0x000000f838100000)]
  0x000002d9207a5430 JavaThread "C1 CompilerThread0" daemon [_thread_blocked, id=5940, stack(0x000000f838100000,0x000000f838200000)]
  0x000002d9207a8150 JavaThread "Sweeper thread" daemon [_thread_blocked, id=45852, stack(0x000000f838200000,0x000000f838300000)]
  0x000002d9209aeb40 JavaThread "Common-Cleaner" daemon [_thread_blocked, id=16248, stack(0x000000f838300000,0x000000f838400000)]
  0x000002d920af87d0 JavaThread "Notification Thread" daemon [_thread_blocked, id=13916, stack(0x000000f838500000,0x000000f838600000)]
  0x000002d94193d7c0 JavaThread "Daemon health stats" [_thread_blocked, id=21268, stack(0x000000f838b00000,0x000000f838c00000)]
  0x000002d94193fb30 JavaThread "Incoming local TCP Connector on port 43073" [_thread_in_native, id=42772, stack(0x000000f838400000,0x000000f838500000)]
  0x000002d941940040 JavaThread "Daemon periodic checks" [_thread_blocked, id=19392, stack(0x000000f838d00000,0x000000f838e00000)]
  0x000002d94193e6f0 JavaThread "Daemon" [_thread_blocked, id=29076, stack(0x000000f838e00000,0x000000f838f00000)]
  0x000002d94193f620 JavaThread "Handler for socket connection from /127.0.0.1:43073 to /127.0.0.1:43074" [_thread_in_native, id=42436, stack(0x000000f838f00000,0x000000f839000000)]
  0x000002d94193ec00 JavaThread "Cancel handler" [_thread_blocked, id=41324, stack(0x000000f839000000,0x000000f839100000)]
  0x000002d941940f70 JavaThread "Daemon worker" [_thread_blocked, id=33544, stack(0x000000f839100000,0x000000f839200000)]
  0x000002d94193dcd0 JavaThread "Asynchronous log dispatcher for DefaultDaemonConnection: socket connection from /127.0.0.1:43073 to /127.0.0.1:43074" [_thread_blocked, id=46596, stack(0x000000f838c00000,0x000000f838d00000)]
  0x000002d941940a60 JavaThread "Stdin handler" [_thread_blocked, id=33204, stack(0x000000f839200000,0x000000f839300000)]
  0x000002d94193f110 JavaThread "Daemon client event forwarder" [_thread_blocked, id=41704, stack(0x000000f839300000,0x000000f839400000)]
  0x000002d941940550 JavaThread "Cache worker for journal cache (C:\Users\Admin\.gradle\caches\journal-1)" [_thread_blocked, id=23932, stack(0x000000f839400000,0x000000f839500000)]
  0x000002d9420651f0 JavaThread "File lock request listener" [_thread_in_native, id=40896, stack(0x000000f839500000,0x000000f839600000)]
  0x000002d942067050 JavaThread "Cache worker for file hash cache (C:\Users\Admin\.gradle\caches\8.10.2\fileHashes)" [_thread_blocked, id=29100, stack(0x000000f839700000,0x000000f839800000)]
  0x000002d942067560 JavaThread "Cache worker for file hash cache (C:\RN\godesk_engineer\android\.gradle\8.10.2\fileHashes)" [_thread_blocked, id=16136, stack(0x000000f839b00000,0x000000f839c00000)]
  0x000002d9420689a0 JavaThread "Cache worker for Build Output Cleanup Cache (C:\RN\godesk_engineer\android\.gradle\buildOutputCleanup)" [_thread_blocked, id=14480, stack(0x000000f839c00000,0x000000f839d00000)]
  0x000002d942068eb0 JavaThread "File watcher server" daemon [_thread_in_native, id=36716, stack(0x000000f839f00000,0x000000f83a000000)]
  0x000002d942067a70 JavaThread "File watcher consumer" daemon [_thread_blocked, id=45964, stack(0x000000f83a000000,0x000000f83a100000)]
  0x000002d942066120 JavaThread "Cache worker for checksums cache (C:\RN\godesk_engineer\android\.gradle\8.10.2\checksums)" [_thread_blocked, id=38224, stack(0x000000f83a100000,0x000000f83a200000)]
  0x000002d942067f80 JavaThread "Cache worker for file content cache (C:\Users\Admin\.gradle\caches\8.10.2\fileContent)" [_thread_blocked, id=36236, stack(0x000000f83a200000,0x000000f83a300000)]
  0x000002d942065700 JavaThread "Cache worker for cache directory md-rule (C:\Users\Admin\.gradle\caches\8.10.2\md-rule)" [_thread_blocked, id=8044, stack(0x000000f83a300000,0x000000f83a400000)]
  0x000002d942068490 JavaThread "Cache worker for cache directory md-supplier (C:\Users\Admin\.gradle\caches\8.10.2\md-supplier)" [_thread_blocked, id=1836, stack(0x000000f839d00000,0x000000f839e00000)]
  0x000002d942066630 JavaThread "jar transforms" [_thread_blocked, id=12756, stack(0x000000f83a500000,0x000000f83a600000)]
  0x000002d942065c10 JavaThread "Cache worker for Build Output Cleanup Cache (C:\RN\godesk_engineer\node_modules\@react-native\gradle-plugin\.gradle\buildOutputCleanup)" [_thread_blocked, id=28264, stack(0x000000f83a600000,0x000000f83a700000)]
  0x000002d9420698d0 JavaThread "Unconstrained build operations" [_thread_blocked, id=26108, stack(0x000000f83a400000,0x000000f83a500000)]
  0x000002d942069de0 JavaThread "Unconstrained build operations Thread 2" [_thread_blocked, id=29104, stack(0x000000f83a700000,0x000000f83a800000)]
  0x000002d94206a2f0 JavaThread "Unconstrained build operations Thread 3" [_thread_blocked, id=31688, stack(0x000000f83a800000,0x000000f83a900000)]
  0x000002d942066b40 JavaThread "Unconstrained build operations Thread 4" [_thread_blocked, id=40560, stack(0x000000f83a900000,0x000000f83aa00000)]
  0x000002d94206b730 JavaThread "Unconstrained build operations Thread 5" [_thread_blocked, id=12172, stack(0x000000f83aa00000,0x000000f83ab00000)]
  0x000002d94206cb70 JavaThread "Unconstrained build operations Thread 6" [_thread_blocked, id=25252, stack(0x000000f83ab00000,0x000000f83ac00000)]
  0x000002d94206ad10 JavaThread "Unconstrained build operations Thread 7" [_thread_blocked, id=29832, stack(0x000000f83ac00000,0x000000f83ad00000)]
  0x000002d94206c150 JavaThread "Unconstrained build operations Thread 8" [_thread_blocked, id=46120, stack(0x000000f83ad00000,0x000000f83ae00000)]
  0x000002d94206bc40 JavaThread "Unconstrained build operations Thread 9" [_thread_blocked, id=35912, stack(0x000000f83ae00000,0x000000f83af00000)]
  0x000002d9423d82f0 JavaThread "Unconstrained build operations Thread 10" [_thread_blocked, id=3196, stack(0x000000f83af00000,0x000000f83b000000)]
  0x000002d9423d7de0 JavaThread "Unconstrained build operations Thread 11" [_thread_blocked, id=21844, stack(0x000000f83b000000,0x000000f83b100000)]
  0x000002d9423d4b40 JavaThread "Unconstrained build operations Thread 12" [_thread_blocked, id=34780, stack(0x000000f83b100000,0x000000f83b200000)]
  0x000002d9423d5560 JavaThread "Unconstrained build operations Thread 13" [_thread_blocked, id=38532, stack(0x000000f83b200000,0x000000f83b300000)]
  0x000002d9423d5f80 JavaThread "Unconstrained build operations Thread 14" [_thread_blocked, id=27980, stack(0x000000f83b300000,0x000000f83b400000)]
  0x000002d9423d5050 JavaThread "Unconstrained build operations Thread 15" [_thread_blocked, id=25932, stack(0x000000f83b400000,0x000000f83b500000)]
  0x000002d9423d5a70 JavaThread "Unconstrained build operations Thread 16" [_thread_blocked, id=46972, stack(0x000000f83b500000,0x000000f83b600000)]
  0x000002d9423d9730 JavaThread "Unconstrained build operations Thread 17" [_thread_blocked, id=3300, stack(0x000000f83b600000,0x000000f83b700000)]
  0x000002d9423d8800 JavaThread "Unconstrained build operations Thread 18" [_thread_blocked, id=10336, stack(0x000000f83b700000,0x000000f83b800000)]
  0x000002d9423d8d10 JavaThread "Unconstrained build operations Thread 19" [_thread_blocked, id=2780, stack(0x000000f83b800000,0x000000f83b900000)]
  0x000002d9423d9220 JavaThread "Unconstrained build operations Thread 20" [_thread_blocked, id=5468, stack(0x000000f83b900000,0x000000f83ba00000)]
  0x000002d9423d73c0 JavaThread "Unconstrained build operations Thread 21" [_thread_blocked, id=2468, stack(0x000000f83ba00000,0x000000f83bb00000)]
  0x000002d9423d69a0 JavaThread "Unconstrained build operations Thread 22" [_thread_blocked, id=25396, stack(0x000000f83bb00000,0x000000f83bc00000)]
  0x000002d9423d78d0 JavaThread "Unconstrained build operations Thread 23" [_thread_blocked, id=4660, stack(0x000000f83bc00000,0x000000f83bd00000)]
  0x000002d9423d6eb0 JavaThread "Unconstrained build operations Thread 24" [_thread_blocked, id=20760, stack(0x000000f83bd00000,0x000000f83be00000)]
  0x000002d9423d9c40 JavaThread "Unconstrained build operations Thread 25" [_thread_blocked, id=42188, stack(0x000000f83be00000,0x000000f83bf00000)]
  0x000002d9423d6490 JavaThread "Unconstrained build operations Thread 26" [_thread_blocked, id=29176, stack(0x000000f83bf00000,0x000000f83c000000)]
  0x000002d9423db590 JavaThread "Unconstrained build operations Thread 27" [_thread_blocked, id=31640, stack(0x000000f83c000000,0x000000f83c100000)]
  0x000002d9423da150 JavaThread "Memory manager" [_thread_blocked, id=2724, stack(0x000000f83c100000,0x000000f83c200000)]
  0x000002d9423dc4c0 JavaThread "build event listener" [_thread_blocked, id=13988, stack(0x000000f83c200000,0x000000f83c300000)]
  0x000002d9423dab70 JavaThread "ForkJoinPool.commonPool-worker-1" daemon [_thread_blocked, id=13676, stack(0x000000f83c400000,0x000000f83c500000)]
  0x000002d9423db080 JavaThread "ForkJoinPool.commonPool-worker-2" daemon [_thread_blocked, id=3272, stack(0x000000f83c500000,0x000000f83c600000)]
  0x000002d9423dbaa0 JavaThread "ForkJoinPool.commonPool-worker-3" daemon [_thread_blocked, id=36120, stack(0x000000f83c600000,0x000000f83c700000)]
  0x000002d9423dbfb0 JavaThread "ForkJoinPool.commonPool-worker-4" daemon [_thread_blocked, id=3228, stack(0x000000f83c700000,0x000000f83c800000)]
  0x000002d944993db0 JavaThread "ForkJoinPool.commonPool-worker-5" daemon [_thread_blocked, id=21236, stack(0x000000f83c800000,0x000000f83c900000)]
  0x000002d944991a40 JavaThread "ForkJoinPool.commonPool-worker-6" daemon [_thread_blocked, id=27716, stack(0x000000f83c900000,0x000000f83ca00000)]
  0x000002d9449942c0 JavaThread "Execution worker" [_thread_blocked, id=37664, stack(0x000000f83cf00000,0x000000f83d000000)]
  0x000002d9449947d0 JavaThread "Execution worker Thread 2" [_thread_blocked, id=39408, stack(0x000000f83d000000,0x000000f83d100000)]
  0x000002d944994ce0 JavaThread "Execution worker Thread 3" [_thread_blocked, id=34060, stack(0x000000f83d100000,0x000000f83d200000)]
  0x000002d944991530 JavaThread "Execution worker Thread 4" [_thread_blocked, id=47860, stack(0x000000f83d200000,0x000000f83d300000)]
  0x000002d944998490 JavaThread "Execution worker Thread 5" [_thread_blocked, id=19296, stack(0x000000f83d300000,0x000000f83d400000)]
  0x000002d9449989a0 JavaThread "Execution worker Thread 6" [_thread_blocked, id=45856, stack(0x000000f83d400000,0x000000f83d500000)]
  0x000002d944997050 JavaThread "Execution worker Thread 7" [_thread_in_vm, id=30204, stack(0x000000f83d500000,0x000000f83d600000)]
  0x000002d944996630 JavaThread "Cache worker for execution history cache (C:\RN\godesk_engineer\node_modules\@react-native\gradle-plugin\.gradle\8.10.2\executionHistory)" [_thread_blocked, id=15756, stack(0x000000f83d600000,0x000000f83d700000)]
  0x000002d944996120 JavaThread "Unconstrained build operations Thread 28" [_thread_blocked, id=47208, stack(0x000000f839600000,0x000000f839700000)]
  0x000002d944997560 JavaThread "Unconstrained build operations Thread 29" [_thread_blocked, id=456, stack(0x000000f83d700000,0x000000f83d800000)]
  0x000002d944995c10 JavaThread "Unconstrained build operations Thread 30" [_thread_blocked, id=4636, stack(0x000000f83d800000,0x000000f83d900000)]
  0x000002d9449951f0 JavaThread "Unconstrained build operations Thread 31" [_thread_blocked, id=15260, stack(0x000000f83d900000,0x000000f83da00000)]
  0x000002d944996b40 JavaThread "Unconstrained build operations Thread 32" [_thread_blocked, id=47820, stack(0x000000f83da00000,0x000000f83db00000)]
  0x000002d944997a70 JavaThread "Unconstrained build operations Thread 33" [_thread_blocked, id=18656, stack(0x000000f83db00000,0x000000f83dc00000)]
  0x000002d944997f80 JavaThread "Unconstrained build operations Thread 34" [_thread_blocked, id=38312, stack(0x000000f83dc00000,0x000000f83dd00000)]
  0x000002d944998eb0 JavaThread "Unconstrained build operations Thread 35" [_thread_blocked, id=31872, stack(0x000000f83dd00000,0x000000f83de00000)]
  0x000002d944995700 JavaThread "Unconstrained build operations Thread 36" [_thread_blocked, id=17680, stack(0x000000f83de00000,0x000000f83df00000)]
  0x000002d940b838b0 JavaThread "Unconstrained build operations Thread 37" [_thread_blocked, id=43504, stack(0x000000f83df00000,0x000000f83e000000)]
  0x000002d940b81a50 JavaThread "Unconstrained build operations Thread 38" [_thread_blocked, id=44448, stack(0x000000f83e000000,0x000000f83e100000)]
  0x000002d940b81f60 JavaThread "Unconstrained build operations Thread 39" [_thread_blocked, id=35456, stack(0x000000f83e100000,0x000000f83e200000)]
  0x000002d940b82470 JavaThread "Unconstrained build operations Thread 40" [_thread_blocked, id=14872, stack(0x000000f83e200000,0x000000f83e300000)]
  0x000002d940b80b20 JavaThread "Unconstrained build operations Thread 41" [_thread_blocked, id=41164, stack(0x000000f83e300000,0x000000f83e400000)]
  0x000002d940b81030 JavaThread "Unconstrained build operations Thread 42" [_thread_blocked, id=15928, stack(0x000000f83e400000,0x000000f83e500000)]
  0x000002d940b81540 JavaThread "Unconstrained build operations Thread 43" [_thread_blocked, id=14532, stack(0x000000f83e500000,0x000000f83e600000)]
  0x000002d940b82e90 JavaThread "Unconstrained build operations Thread 44" [_thread_blocked, id=8348, stack(0x000000f83e600000,0x000000f83e700000)]
  0x000002d940b833a0 JavaThread "Unconstrained build operations Thread 45" [_thread_blocked, id=47080, stack(0x000000f83e700000,0x000000f83e800000)]
  0x000002d940b80100 JavaThread "Unconstrained build operations Thread 46" [_thread_blocked, id=43844, stack(0x000000f83e800000,0x000000f83e900000)]
  0x000002d940b83dc0 JavaThread "Unconstrained build operations Thread 47" [_thread_blocked, id=24148, stack(0x000000f83e900000,0x000000f83ea00000)]
  0x000002d940b80610 JavaThread "Unconstrained build operations Thread 48" [_thread_blocked, id=32476, stack(0x000000f83ea00000,0x000000f83eb00000)]
  0x000002d940b85c20 JavaThread "Unconstrained build operations Thread 49" [_thread_blocked, id=47016, stack(0x000000f83eb00000,0x000000f83ec00000)]
  0x000002d940b85710 JavaThread "Unconstrained build operations Thread 50" [_thread_blocked, id=27000, stack(0x000000f83ec00000,0x000000f83ed00000)]
  0x000002d940b847e0 JavaThread "Unconstrained build operations Thread 51" [_thread_blocked, id=800, stack(0x000000f83ed00000,0x000000f83ee00000)]
  0x000002d940b85200 JavaThread "Unconstrained build operations Thread 52" [_thread_blocked, id=31656, stack(0x000000f83ee00000,0x000000f83ef00000)]
  0x000002d940b842d0 JavaThread "Unconstrained build operations Thread 53" [_thread_blocked, id=12120, stack(0x000000f83ef00000,0x000000f83f000000)]
  0x000002d940b84cf0 JavaThread "Unconstrained build operations Thread 54" [_thread_blocked, id=36832, stack(0x000000f83f000000,0x000000f83f100000)]
  0x000002d940b86130 JavaThread "Unconstrained build operations Thread 55" [_thread_blocked, id=46804, stack(0x000000f83f100000,0x000000f83f200000)]
  0x000002d940b82980 JavaThread "Unconstrained build operations Thread 56" [_thread_blocked, id=38828, stack(0x000000f83f200000,0x000000f83f300000)]
  0x000002d940b86640 JavaThread "Unconstrained build operations Thread 57" [_thread_blocked, id=33144, stack(0x000000f83f300000,0x000000f83f400000)]
  0x000002d940b86b50 JavaThread "Unconstrained build operations Thread 58" [_thread_blocked, id=37524, stack(0x000000f83f400000,0x000000f83f500000)]
  0x000002d940b87060 JavaThread "Unconstrained build operations Thread 59" [_thread_blocked, id=27052, stack(0x000000f83f500000,0x000000f83f600000)]
  0x000002d940b87570 JavaThread "Unconstrained build operations Thread 60" [_thread_blocked, id=26748, stack(0x000000f83f600000,0x000000f83f700000)]
  0x000002d9455b61f0 JavaThread "Unconstrained build operations Thread 61" [_thread_blocked, id=30248, stack(0x000000f83f700000,0x000000f83f800000)]
  0x000002d9455b4db0 JavaThread "Unconstrained build operations Thread 62" [_thread_blocked, id=31792, stack(0x000000f83f800000,0x000000f83f900000)]
  0x000002d9455b57d0 JavaThread "Unconstrained build operations Thread 63" [_thread_blocked, id=13932, stack(0x000000f83f900000,0x000000f83fa00000)]
  0x000002d9455b6700 JavaThread "Unconstrained build operations Thread 64" [_thread_blocked, id=5508, stack(0x000000f83fa00000,0x000000f83fb00000)]
  0x000002d9455b6c10 JavaThread "Unconstrained build operations Thread 65" [_thread_blocked, id=10516, stack(0x000000f83fb00000,0x000000f83fc00000)]
  0x000002d9455b5ce0 JavaThread "Unconstrained build operations Thread 66" [_thread_blocked, id=36996, stack(0x000000f83fd00000,0x000000f83fe00000)]
  0x000002d9455b7120 JavaThread "Unconstrained build operations Thread 67" [_thread_blocked, id=40236, stack(0x000000f83fe00000,0x000000f83ff00000)]
  0x000002d9455b52c0 JavaThread "Unconstrained build operations Thread 68" [_thread_blocked, id=16312, stack(0x000000f83ff00000,0x000000f840000000)]
  0x000002d9455b3970 JavaThread "Unconstrained build operations Thread 69" [_thread_blocked, id=39724, stack(0x000000f840000000,0x000000f840100000)]
  0x000002d9455b7630 JavaThread "Unconstrained build operations Thread 70" [_thread_blocked, id=47824, stack(0x000000f840100000,0x000000f840200000)]
  0x000002d9455b48a0 JavaThread "Unconstrained build operations Thread 71" [_thread_blocked, id=15336, stack(0x000000f840200000,0x000000f840300000)]
  0x000002d9455b3e80 JavaThread "Unconstrained build operations Thread 72" [_thread_blocked, id=41664, stack(0x000000f840300000,0x000000f840400000)]
  0x000002d9455b7b40 JavaThread "jar transforms Thread 2" [_thread_blocked, id=1632, stack(0x000000f840500000,0x000000f840600000)]
  0x000002d9455b4390 JavaThread "jar transforms Thread 3" [_thread_blocked, id=24152, stack(0x000000f840800000,0x000000f840900000)]
  0x000002d9455b8f80 JavaThread "jar transforms Thread 4" [_thread_blocked, id=6932, stack(0x000000f840900000,0x000000f840a00000)]
  0x000002d9455b8050 JavaThread "jar transforms Thread 5" [_thread_blocked, id=25996, stack(0x000000f840a00000,0x000000f840b00000)]
  0x000002d9455b8560 JavaThread "jar transforms Thread 6" [_thread_blocked, id=27012, stack(0x000000f840b00000,0x000000f840c00000)]
  0x000002d9455b8a70 JavaThread "Cache worker for Build Output Cleanup Cache (C:\RN\godesk_engineer\node_modules\expo-dev-launcher\expo-dev-launcher-gradle-plugin\.gradle\buildOutputCleanup)" [_thread_blocked, id=35048, stack(0x000000f840c00000,0x000000f840d00000)]
  0x000002d9455b9eb0 JavaThread "Unconstrained build operations Thread 73" [_thread_blocked, id=28532, stack(0x000000f840d00000,0x000000f840e00000)]
  0x000002d9455bb2f0 JavaThread "Unconstrained build operations Thread 74" [_thread_blocked, id=13864, stack(0x000000f840e00000,0x000000f840f00000)]
  0x000002d9455b99a0 JavaThread "Unconstrained build operations Thread 75" [_thread_blocked, id=38748, stack(0x000000f840f00000,0x000000f841000000)]
  0x000002d9455ba3c0 JavaThread "Unconstrained build operations Thread 76" [_thread_blocked, id=22796, stack(0x000000f841000000,0x000000f841100000)]
  0x000002d9455ba8d0 JavaThread "Unconstrained build operations Thread 77" [_thread_blocked, id=39316, stack(0x000000f841100000,0x000000f841200000)]
  0x000002d9455bade0 JavaThread "Unconstrained build operations Thread 78" [_thread_blocked, id=18004, stack(0x000000f841200000,0x000000f841300000)]
  0x000002d940b87a80 JavaThread "Unconstrained build operations Thread 79" [_thread_blocked, id=18884, stack(0x000000f841300000,0x000000f841400000)]
  0x000002d94193e1e0 JavaThread "Unconstrained build operations Thread 80" [_thread_blocked, id=16040, stack(0x000000f841400000,0x000000f841500000)]
  0x000002d945e4eea0 JavaThread "build event listener" [_thread_blocked, id=26380, stack(0x000000f841500000,0x000000f841600000)]
  0x000002d945e4da60 JavaThread "jar transforms Thread 7" [_thread_blocked, id=41492, stack(0x000000f841600000,0x000000f841700000)]
  0x000002d945e4f8c0 JavaThread "Cache worker for execution history cache (C:\RN\godesk_engineer\node_modules\expo-dev-launcher\expo-dev-launcher-gradle-plugin\.gradle\8.10.2\executionHistory)" [_thread_blocked, id=2904, stack(0x000000f841800000,0x000000f841900000)]
  0x000002d945e4fdd0 JavaThread "jar transforms Thread 8" [_thread_blocked, id=44832, stack(0x000000f840700000,0x000000f840800000)]
  0x000002d945e4d040 JavaThread "build event listener" [_thread_blocked, id=18184, stack(0x000000f840600000,0x000000f840700000)]
  0x000002d944992460 JavaThread "included builds Thread 4" [_thread_blocked, id=38324, stack(0x000000f837200000,0x000000f837300000)]
  0x000002d944992e80 JavaThread "Cache worker for execution history cache (C:\RN\godesk_engineer\android\.gradle\8.10.2\executionHistory)" [_thread_blocked, id=41632, stack(0x000000f837100000,0x000000f837200000)]
  0x000002d94206c660 JavaThread "Exec process Thread 4" [_thread_blocked, id=20960, stack(0x000000f837000000,0x000000f837100000)]
  0x000002d94206a800 JavaThread "Exec process Thread 5" [_thread_blocked, id=22128, stack(0x000000f83c300000,0x000000f83c400000)]
  0x000002d944993390 JavaThread "Exec process Thread 6" [_thread_blocked, id=33032, stack(0x000000f83cb00000,0x000000f83cc00000)]
  0x000002d945e4df70 JavaThread "WorkerExecutor Queue" [_thread_blocked, id=1640, stack(0x000000f83cc00000,0x000000f83cd00000)]
  0x000002d946457810 JavaThread "WorkerExecutor Queue Thread 5" [_thread_blocked, id=17204, stack(0x000000f840400000,0x000000f840500000)]
  0x000002d946457d20 JavaThread "WorkerExecutor Queue Thread 7" [_thread_blocked, id=39268, stack(0x000000f841900000,0x000000f841a00000)]
  0x000002d946455ec0 JavaThread "WorkerExecutor Queue Thread 8" [_thread_blocked, id=47468, stack(0x000000f841a00000,0x000000f841b00000)]
  0x000002d9464563d0 JavaThread "WorkerExecutor Queue Thread 9" [_thread_blocked, id=41716, stack(0x000000f83ca00000,0x000000f83cb00000)]
  0x000002d946458740 JavaThread "WorkerExecutor Queue Thread 10" [_thread_blocked, id=7792, stack(0x000000f83ce00000,0x000000f83cf00000)]

Other Threads:
  0x000002d920771c70 VMThread "VM Thread" [stack: 0x000000f837900000,0x000000f837a00000] [id=26980]
  0x000002d9026024f0 WatcherThread [stack: 0x000000f838600000,0x000000f838700000] [id=39448]
  0x000002d9025e5600 GCTaskThread "GC Thread#0" [stack: 0x000000f837400000,0x000000f837500000] [id=16892]
  0x000002d920c0c600 GCTaskThread "GC Thread#1" [stack: 0x000000f838800000,0x000000f838900000] [id=25936]
  0x000002d9405bab70 GCTaskThread "GC Thread#2" [stack: 0x000000f838900000,0x000000f838a00000] [id=24696]
  0x000002d940cb2730 GCTaskThread "GC Thread#3" [stack: 0x000000f838700000,0x000000f838800000] [id=48344]
  0x000002d940cb29f0 GCTaskThread "GC Thread#4" [stack: 0x000000f838a00000,0x000000f838b00000] [id=41036]
  0x000002d941ed84a0 GCTaskThread "GC Thread#5" [stack: 0x000000f839800000,0x000000f839900000] [id=42092]
  0x000002d942372ea0 GCTaskThread "GC Thread#6" [stack: 0x000000f839900000,0x000000f839a00000] [id=23020]
  0x000002d942178780 GCTaskThread "GC Thread#7" [stack: 0x000000f839a00000,0x000000f839b00000] [id=38240]
  0x000002d9025f7030 ConcurrentGCThread "G1 Main Marker" [stack: 0x000000f837500000,0x000000f837600000] [id=41280]
  0x000002d9025f7ff0 ConcurrentGCThread "G1 Conc#0" [stack: 0x000000f837600000,0x000000f837700000] [id=25552]
  0x000002d942e13780 ConcurrentGCThread "G1 Conc#1" [stack: 0x000000f839e00000,0x000000f839f00000] [id=46848]
  0x000002d90264ec90 ConcurrentGCThread "G1 Refine#0" [stack: 0x000000f837700000,0x000000f837800000] [id=30708]
  0x000002d920614a10 ConcurrentGCThread "G1 Service" [stack: 0x000000f837800000,0x000000f837900000] [id=33780]

Threads with active compile tasks:
C2 CompilerThread0   258874 30431   !   4       java.lang.reflect.Field::declaredAnnotations (82 bytes)
C1 CompilerThread0   258874 30571       3       jdk.internal.reflect.UnsafeFieldAccessorFactory::newFieldAccessor (638 bytes)
C2 CompilerThread1   258874 30434       4       jdk.internal.org.objectweb.asm.Frame::setLocal (65 bytes)

VM state: not at safepoint (normal execution)

VM Mutex/Monitor currently owned by a thread: None

Heap address: 0x0000000080000000, size: 2048 MB, Compressed Oops mode: 32-bit

CDS archive(s) mapped at: [0x000002d921000000-0x000002d921bd0000-0x000002d921bd0000), size 12386304, SharedBaseAddress: 0x000002d921000000, ArchiveRelocationMode: 1.
Compressed class space mapped at: 0x000002d922000000-0x000002d93c000000, reserved size: 436207616
Narrow klass base: 0x000002d921000000, Narrow klass shift: 0, Narrow klass range: 0x100000000

GC Precious Log:
 CPUs: 8 total, 8 available
 Memory: 7792M
 Large Page Support: Disabled
 NUMA Support: Disabled
 Compressed Oops: Enabled (32-bit)
 Heap Region Size: 1M
 Heap Min Capacity: 8M
 Heap Initial Capacity: 122M
 Heap Max Capacity: 2G
 Pre-touch: Disabled
 Parallel Workers: 8
 Concurrent Workers: 2
 Concurrent Refinement Workers: 8
 Periodic GC: Disabled

Heap:
 garbage-first heap   total 768000K, used 515417K [0x0000000080000000, 0x0000000100000000)
  region size 1024K, 53 young (54272K), 17 survivors (17408K)
 Metaspace       used 162042K, committed 164544K, reserved 622592K
  class space    used 22135K, committed 23296K, reserved 425984K

Heap Regions: E=young(eden), S=young(survivor), O=old, HS=humongous(starts), HC=humongous(continues), CS=collection set, F=free, OA=open archive, CA=closed archive, TAMS=top-at-mark-start (previous, next)
|   0|0x0000000080000000, 0x0000000080100000, 0x0000000080100000|100%| O|  |TAMS 0x0000000080100000, 0x0000000080000000| Untracked 
|   1|0x0000000080100000, 0x0000000080200000, 0x0000000080200000|100%| O|  |TAMS 0x0000000080200000, 0x0000000080100000| Untracked 
|   2|0x0000000080200000, 0x0000000080300000, 0x0000000080300000|100%|HS|  |TAMS 0x0000000080300000, 0x0000000080200000| Complete 
|   3|0x0000000080300000, 0x0000000080400000, 0x0000000080400000|100%|HC|  |TAMS 0x0000000080400000, 0x0000000080300000| Complete 
|   4|0x0000000080400000, 0x0000000080500000, 0x0000000080500000|100%|HC|  |TAMS 0x0000000080500000, 0x0000000080400000| Complete 
|   5|0x0000000080500000, 0x0000000080600000, 0x0000000080600000|100%|HC|  |TAMS 0x0000000080600000, 0x0000000080500000| Complete 
|   6|0x0000000080600000, 0x0000000080700000, 0x0000000080700000|100%| O|  |TAMS 0x0000000080700000, 0x0000000080600000| Untracked 
|   7|0x0000000080700000, 0x0000000080800000, 0x0000000080800000|100%| O|  |TAMS 0x0000000080800000, 0x0000000080700000| Untracked 
|   8|0x0000000080800000, 0x0000000080900000, 0x0000000080900000|100%| O|  |TAMS 0x0000000080900000, 0x0000000080800000| Untracked 
|   9|0x0000000080900000, 0x0000000080a00000, 0x0000000080a00000|100%|HS|  |TAMS 0x0000000080a00000, 0x0000000080900000| Complete 
|  10|0x0000000080a00000, 0x0000000080b00000, 0x0000000080b00000|100%| O|  |TAMS 0x0000000080b00000, 0x0000000080a00000| Untracked 
|  11|0x0000000080b00000, 0x0000000080c00000, 0x0000000080c00000|100%| O|  |TAMS 0x0000000080c00000, 0x0000000080b00000| Untracked 
|  12|0x0000000080c00000, 0x0000000080d00000, 0x0000000080d00000|100%| O|  |TAMS 0x0000000080d00000, 0x0000000080c00000| Untracked 
|  13|0x0000000080d00000, 0x0000000080e00000, 0x0000000080e00000|100%| O|  |TAMS 0x0000000080e00000, 0x0000000080d00000| Untracked 
|  14|0x0000000080e00000, 0x0000000080f00000, 0x0000000080f00000|100%| O|  |TAMS 0x0000000080f00000, 0x0000000080e00000| Untracked 
|  15|0x0000000080f00000, 0x0000000081000000, 0x0000000081000000|100%| O|  |TAMS 0x0000000081000000, 0x0000000080f00000| Untracked 
|  16|0x0000000081000000, 0x0000000081100000, 0x0000000081100000|100%| O|  |TAMS 0x0000000081100000, 0x0000000081000000| Untracked 
|  17|0x0000000081100000, 0x0000000081200000, 0x0000000081200000|100%| O|  |TAMS 0x0000000081200000, 0x0000000081100000| Untracked 
|  18|0x0000000081200000, 0x0000000081300000, 0x0000000081300000|100%| O|  |TAMS 0x0000000081300000, 0x0000000081200000| Untracked 
|  19|0x0000000081300000, 0x0000000081400000, 0x0000000081400000|100%| O|  |TAMS 0x0000000081400000, 0x0000000081300000| Untracked 
|  20|0x0000000081400000, 0x0000000081500000, 0x0000000081500000|100%| O|  |TAMS 0x0000000081500000, 0x0000000081400000| Untracked 
|  21|0x0000000081500000, 0x0000000081600000, 0x0000000081600000|100%| O|  |TAMS 0x0000000081600000, 0x0000000081500000| Untracked 
|  22|0x0000000081600000, 0x0000000081700000, 0x0000000081700000|100%| O|  |TAMS 0x0000000081700000, 0x0000000081600000| Untracked 
|  23|0x0000000081700000, 0x0000000081800000, 0x0000000081800000|100%| O|  |TAMS 0x0000000081800000, 0x0000000081700000| Untracked 
|  24|0x0000000081800000, 0x0000000081900000, 0x0000000081900000|100%| O|  |TAMS 0x0000000081900000, 0x0000000081800000| Untracked 
|  25|0x0000000081900000, 0x0000000081a00000, 0x0000000081a00000|100%| O|  |TAMS 0x0000000081a00000, 0x0000000081900000| Untracked 
|  26|0x0000000081a00000, 0x0000000081b00000, 0x0000000081b00000|100%| O|  |TAMS 0x0000000081b00000, 0x0000000081a00000| Untracked 
|  27|0x0000000081b00000, 0x0000000081c00000, 0x0000000081c00000|100%| O|  |TAMS 0x0000000081c00000, 0x0000000081b00000| Untracked 
|  28|0x0000000081c00000, 0x0000000081d00000, 0x0000000081d00000|100%| O|  |TAMS 0x0000000081d00000, 0x0000000081c00000| Untracked 
|  29|0x0000000081d00000, 0x0000000081e00000, 0x0000000081e00000|100%| O|  |TAMS 0x0000000081e00000, 0x0000000081d00000| Untracked 
|  30|0x0000000081e00000, 0x0000000081f00000, 0x0000000081f00000|100%| O|  |TAMS 0x0000000081f00000, 0x0000000081e00000| Untracked 
|  31|0x0000000081f00000, 0x0000000082000000, 0x0000000082000000|100%| O|  |TAMS 0x0000000082000000, 0x0000000081f00000| Untracked 
|  32|0x0000000082000000, 0x0000000082100000, 0x0000000082100000|100%| O|  |TAMS 0x0000000082100000, 0x0000000082000000| Untracked 
|  33|0x0000000082100000, 0x0000000082200000, 0x0000000082200000|100%| O|  |TAMS 0x0000000082200000, 0x0000000082100000| Untracked 
|  34|0x0000000082200000, 0x0000000082300000, 0x0000000082300000|100%| O|  |TAMS 0x0000000082300000, 0x0000000082200000| Untracked 
|  35|0x0000000082300000, 0x0000000082400000, 0x0000000082400000|100%| O|  |TAMS 0x0000000082400000, 0x0000000082300000| Untracked 
|  36|0x0000000082400000, 0x0000000082500000, 0x0000000082500000|100%| O|  |TAMS 0x0000000082500000, 0x0000000082400000| Untracked 
|  37|0x0000000082500000, 0x0000000082600000, 0x0000000082600000|100%| O|  |TAMS 0x0000000082600000, 0x0000000082500000| Untracked 
|  38|0x0000000082600000, 0x0000000082700000, 0x0000000082700000|100%| O|  |TAMS 0x0000000082700000, 0x0000000082600000| Untracked 
|  39|0x0000000082700000, 0x0000000082800000, 0x0000000082800000|100%| O|  |TAMS 0x0000000082800000, 0x0000000082700000| Untracked 
|  40|0x0000000082800000, 0x0000000082900000, 0x0000000082900000|100%| O|  |TAMS 0x0000000082900000, 0x0000000082800000| Untracked 
|  41|0x0000000082900000, 0x0000000082a00000, 0x0000000082a00000|100%| O|  |TAMS 0x0000000082a00000, 0x0000000082900000| Untracked 
|  42|0x0000000082a00000, 0x0000000082b00000, 0x0000000082b00000|100%| O|  |TAMS 0x0000000082b00000, 0x0000000082a00000| Untracked 
|  43|0x0000000082b00000, 0x0000000082c00000, 0x0000000082c00000|100%| O|  |TAMS 0x0000000082c00000, 0x0000000082b00000| Untracked 
|  44|0x0000000082c00000, 0x0000000082d00000, 0x0000000082d00000|100%| O|  |TAMS 0x0000000082d00000, 0x0000000082c00000| Untracked 
|  45|0x0000000082d00000, 0x0000000082e00000, 0x0000000082e00000|100%| O|  |TAMS 0x0000000082e00000, 0x0000000082d00000| Untracked 
|  46|0x0000000082e00000, 0x0000000082f00000, 0x0000000082f00000|100%| O|  |TAMS 0x0000000082f00000, 0x0000000082e00000| Untracked 
|  47|0x0000000082f00000, 0x0000000083000000, 0x0000000083000000|100%| O|  |TAMS 0x0000000083000000, 0x0000000082f00000| Untracked 
|  48|0x0000000083000000, 0x0000000083100000, 0x0000000083100000|100%| O|  |TAMS 0x0000000083100000, 0x0000000083000000| Untracked 
|  49|0x0000000083100000, 0x0000000083200000, 0x0000000083200000|100%| O|  |TAMS 0x0000000083200000, 0x0000000083100000| Untracked 
|  50|0x0000000083200000, 0x0000000083300000, 0x0000000083300000|100%| O|  |TAMS 0x0000000083300000, 0x0000000083200000| Untracked 
|  51|0x0000000083300000, 0x0000000083400000, 0x0000000083400000|100%| O|  |TAMS 0x0000000083400000, 0x0000000083300000| Untracked 
|  52|0x0000000083400000, 0x0000000083500000, 0x0000000083500000|100%| O|  |TAMS 0x0000000083500000, 0x0000000083400000| Untracked 
|  53|0x0000000083500000, 0x0000000083600000, 0x0000000083600000|100%| O|  |TAMS 0x0000000083600000, 0x0000000083500000| Untracked 
|  54|0x0000000083600000, 0x0000000083700000, 0x0000000083700000|100%| O|  |TAMS 0x0000000083600000, 0x0000000083600000| Untracked 
|  55|0x0000000083700000, 0x0000000083800000, 0x0000000083800000|100%|HS|  |TAMS 0x0000000083800000, 0x0000000083700000| Complete 
|  56|0x0000000083800000, 0x0000000083900000, 0x0000000083900000|100%|HC|  |TAMS 0x0000000083900000, 0x0000000083800000| Complete 
|  57|0x0000000083900000, 0x0000000083a00000, 0x0000000083a00000|100%|HS|  |TAMS 0x0000000083a00000, 0x0000000083900000| Complete 
|  58|0x0000000083a00000, 0x0000000083b00000, 0x0000000083b00000|100%|HC|  |TAMS 0x0000000083b00000, 0x0000000083a00000| Complete 
|  59|0x0000000083b00000, 0x0000000083c00000, 0x0000000083c00000|100%|HS|  |TAMS 0x0000000083c00000, 0x0000000083b00000| Complete 
|  60|0x0000000083c00000, 0x0000000083d00000, 0x0000000083d00000|100%|HC|  |TAMS 0x0000000083d00000, 0x0000000083c00000| Complete 
|  61|0x0000000083d00000, 0x0000000083e00000, 0x0000000083e00000|100%|HC|  |TAMS 0x0000000083e00000, 0x0000000083d00000| Complete 
|  62|0x0000000083e00000, 0x0000000083f00000, 0x0000000083f00000|100%|HC|  |TAMS 0x0000000083f00000, 0x0000000083e00000| Complete 
|  63|0x0000000083f00000, 0x0000000084000000, 0x0000000084000000|100%|HS|  |TAMS 0x0000000084000000, 0x0000000083f00000| Complete 
|  64|0x0000000084000000, 0x0000000084100000, 0x0000000084100000|100%|HC|  |TAMS 0x0000000084100000, 0x0000000084000000| Complete 
|  65|0x0000000084100000, 0x0000000084200000, 0x0000000084200000|100%|HC|  |TAMS 0x0000000084200000, 0x0000000084100000| Complete 
|  66|0x0000000084200000, 0x0000000084300000, 0x0000000084300000|100%|HC|  |TAMS 0x0000000084300000, 0x0000000084200000| Complete 
|  67|0x0000000084300000, 0x0000000084400000, 0x0000000084400000|100%| O|  |TAMS 0x0000000084400000, 0x0000000084300000| Untracked 
|  68|0x0000000084400000, 0x0000000084500000, 0x0000000084500000|100%| O|  |TAMS 0x0000000084500000, 0x0000000084400000| Untracked 
|  69|0x0000000084500000, 0x0000000084600000, 0x0000000084600000|100%| O|  |TAMS 0x0000000084600000, 0x0000000084500000| Untracked 
|  70|0x0000000084600000, 0x0000000084700000, 0x0000000084700000|100%| O|  |TAMS 0x0000000084700000, 0x0000000084600000| Untracked 
|  71|0x0000000084700000, 0x0000000084800000, 0x0000000084800000|100%| O|  |TAMS 0x0000000084800000, 0x0000000084700000| Untracked 
|  72|0x0000000084800000, 0x0000000084900000, 0x0000000084900000|100%| O|  |TAMS 0x0000000084900000, 0x0000000084800000| Untracked 
|  73|0x0000000084900000, 0x0000000084a00000, 0x0000000084a00000|100%| O|  |TAMS 0x0000000084a00000, 0x0000000084900000| Untracked 
|  74|0x0000000084a00000, 0x0000000084b00000, 0x0000000084b00000|100%| O|  |TAMS 0x0000000084b00000, 0x0000000084a00000| Untracked 
|  75|0x0000000084b00000, 0x0000000084c00000, 0x0000000084c00000|100%| O|  |TAMS 0x0000000084c00000, 0x0000000084b00000| Untracked 
|  76|0x0000000084c00000, 0x0000000084d00000, 0x0000000084d00000|100%| O|  |TAMS 0x0000000084d00000, 0x0000000084c00000| Untracked 
|  77|0x0000000084d00000, 0x0000000084e00000, 0x0000000084e00000|100%| O|  |TAMS 0x0000000084e00000, 0x0000000084d00000| Untracked 
|  78|0x0000000084e00000, 0x0000000084f00000, 0x0000000084f00000|100%| O|  |TAMS 0x0000000084f00000, 0x0000000084e00000| Untracked 
|  79|0x0000000084f00000, 0x0000000085000000, 0x0000000085000000|100%| O|  |TAMS 0x0000000085000000, 0x0000000084f00000| Untracked 
|  80|0x0000000085000000, 0x0000000085100000, 0x0000000085100000|100%| O|  |TAMS 0x0000000085100000, 0x0000000085000000| Untracked 
|  81|0x0000000085100000, 0x0000000085200000, 0x0000000085200000|100%| O|  |TAMS 0x0000000085200000, 0x0000000085100000| Untracked 
|  82|0x0000000085200000, 0x0000000085300000, 0x0000000085300000|100%| O|  |TAMS 0x0000000085300000, 0x0000000085200000| Untracked 
|  83|0x0000000085300000, 0x0000000085400000, 0x0000000085400000|100%| O|  |TAMS 0x0000000085400000, 0x0000000085300000| Untracked 
|  84|0x0000000085400000, 0x0000000085500000, 0x0000000085500000|100%| O|  |TAMS 0x0000000085500000, 0x0000000085400000| Untracked 
|  85|0x0000000085500000, 0x0000000085600000, 0x0000000085600000|100%| O|  |TAMS 0x0000000085600000, 0x0000000085500000| Untracked 
|  86|0x0000000085600000, 0x0000000085700000, 0x0000000085700000|100%| O|  |TAMS 0x0000000085700000, 0x0000000085600000| Untracked 
|  87|0x0000000085700000, 0x0000000085800000, 0x0000000085800000|100%| O|  |TAMS 0x0000000085800000, 0x0000000085700000| Untracked 
|  88|0x0000000085800000, 0x0000000085900000, 0x0000000085900000|100%| O|  |TAMS 0x0000000085900000, 0x0000000085800000| Untracked 
|  89|0x0000000085900000, 0x0000000085a00000, 0x0000000085a00000|100%| O|  |TAMS 0x0000000085a00000, 0x0000000085900000| Untracked 
|  90|0x0000000085a00000, 0x0000000085b00000, 0x0000000085b00000|100%| O|  |TAMS 0x0000000085b00000, 0x0000000085a00000| Untracked 
|  91|0x0000000085b00000, 0x0000000085c00000, 0x0000000085c00000|100%| O|  |TAMS 0x0000000085c00000, 0x0000000085b00000| Untracked 
|  92|0x0000000085c00000, 0x0000000085d00000, 0x0000000085d00000|100%| O|  |TAMS 0x0000000085d00000, 0x0000000085c00000| Untracked 
|  93|0x0000000085d00000, 0x0000000085e00000, 0x0000000085e00000|100%| O|  |TAMS 0x0000000085e00000, 0x0000000085d00000| Untracked 
|  94|0x0000000085e00000, 0x0000000085f00000, 0x0000000085f00000|100%| O|  |TAMS 0x0000000085f00000, 0x0000000085e00000| Untracked 
|  95|0x0000000085f00000, 0x0000000086000000, 0x0000000086000000|100%| O|  |TAMS 0x0000000086000000, 0x0000000085f00000| Untracked 
|  96|0x0000000086000000, 0x0000000086100000, 0x0000000086100000|100%| O|  |TAMS 0x0000000086100000, 0x0000000086000000| Untracked 
|  97|0x0000000086100000, 0x0000000086200000, 0x0000000086200000|100%| O|  |TAMS 0x0000000086200000, 0x0000000086100000| Untracked 
|  98|0x0000000086200000, 0x0000000086300000, 0x0000000086300000|100%| O|  |TAMS 0x0000000086300000, 0x0000000086200000| Untracked 
|  99|0x0000000086300000, 0x0000000086400000, 0x0000000086400000|100%| O|  |TAMS 0x0000000086400000, 0x0000000086300000| Untracked 
| 100|0x0000000086400000, 0x0000000086500000, 0x0000000086500000|100%| O|  |TAMS 0x0000000086500000, 0x0000000086400000| Untracked 
| 101|0x0000000086500000, 0x0000000086600000, 0x0000000086600000|100%| O|  |TAMS 0x0000000086600000, 0x0000000086500000| Untracked 
| 102|0x0000000086600000, 0x0000000086700000, 0x0000000086700000|100%| O|  |TAMS 0x0000000086700000, 0x0000000086600000| Untracked 
| 103|0x0000000086700000, 0x0000000086800000, 0x0000000086800000|100%| O|  |TAMS 0x0000000086800000, 0x0000000086700000| Untracked 
| 104|0x0000000086800000, 0x0000000086900000, 0x0000000086900000|100%| O|  |TAMS 0x0000000086900000, 0x0000000086800000| Untracked 
| 105|0x0000000086900000, 0x0000000086a00000, 0x0000000086a00000|100%| O|  |TAMS 0x0000000086a00000, 0x0000000086900000| Untracked 
| 106|0x0000000086a00000, 0x0000000086b00000, 0x0000000086b00000|100%| O|  |TAMS 0x0000000086b00000, 0x0000000086a00000| Untracked 
| 107|0x0000000086b00000, 0x0000000086c00000, 0x0000000086c00000|100%| O|  |TAMS 0x0000000086c00000, 0x0000000086b00000| Untracked 
| 108|0x0000000086c00000, 0x0000000086d00000, 0x0000000086d00000|100%| O|  |TAMS 0x0000000086d00000, 0x0000000086c00000| Untracked 
| 109|0x0000000086d00000, 0x0000000086e00000, 0x0000000086e00000|100%| O|  |TAMS 0x0000000086e00000, 0x0000000086d00000| Untracked 
| 110|0x0000000086e00000, 0x0000000086f00000, 0x0000000086f00000|100%| O|  |TAMS 0x0000000086f00000, 0x0000000086e00000| Untracked 
| 111|0x0000000086f00000, 0x0000000087000000, 0x0000000087000000|100%| O|  |TAMS 0x0000000087000000, 0x0000000086f00000| Untracked 
| 112|0x0000000087000000, 0x0000000087100000, 0x0000000087100000|100%|HS|  |TAMS 0x0000000087100000, 0x0000000087000000| Complete 
| 113|0x0000000087100000, 0x0000000087200000, 0x0000000087200000|100%|HS|  |TAMS 0x0000000087200000, 0x0000000087100000| Complete 
| 114|0x0000000087200000, 0x0000000087300000, 0x0000000087300000|100%|HS|  |TAMS 0x0000000087300000, 0x0000000087200000| Complete 
| 115|0x0000000087300000, 0x0000000087400000, 0x0000000087400000|100%|HS|  |TAMS 0x0000000087400000, 0x0000000087300000| Complete 
| 116|0x0000000087400000, 0x0000000087500000, 0x0000000087500000|100%| O|  |TAMS 0x0000000087500000, 0x0000000087400000| Untracked 
| 117|0x0000000087500000, 0x0000000087600000, 0x0000000087600000|100%| O|  |TAMS 0x0000000087600000, 0x0000000087500000| Untracked 
| 118|0x0000000087600000, 0x0000000087700000, 0x0000000087700000|100%| O|  |TAMS 0x0000000087700000, 0x0000000087600000| Untracked 
| 119|0x0000000087700000, 0x0000000087800000, 0x0000000087800000|100%| O|  |TAMS 0x0000000087800000, 0x0000000087700000| Untracked 
| 120|0x0000000087800000, 0x0000000087900000, 0x0000000087900000|100%| O|  |TAMS 0x0000000087900000, 0x0000000087800000| Untracked 
| 121|0x0000000087900000, 0x0000000087a00000, 0x0000000087a00000|100%| O|  |TAMS 0x0000000087a00000, 0x0000000087900000| Untracked 
| 122|0x0000000087a00000, 0x0000000087b00000, 0x0000000087b00000|100%| O|  |TAMS 0x0000000087b00000, 0x0000000087a00000| Untracked 
| 123|0x0000000087b00000, 0x0000000087c00000, 0x0000000087c00000|100%|HS|  |TAMS 0x0000000087c00000, 0x0000000087b00000| Complete 
| 124|0x0000000087c00000, 0x0000000087d00000, 0x0000000087d00000|100%|HS|  |TAMS 0x0000000087d00000, 0x0000000087c00000| Complete 
| 125|0x0000000087d00000, 0x0000000087e00000, 0x0000000087e00000|100%|HS|  |TAMS 0x0000000087e00000, 0x0000000087d00000| Complete 
| 126|0x0000000087e00000, 0x0000000087f00000, 0x0000000087f00000|100%|HC|  |TAMS 0x0000000087f00000, 0x0000000087e00000| Complete 
| 127|0x0000000087f00000, 0x0000000088000000, 0x0000000088000000|100%| O|  |TAMS 0x0000000088000000, 0x0000000087f00000| Untracked 
| 128|0x0000000088000000, 0x0000000088100000, 0x0000000088100000|100%| O|  |TAMS 0x0000000088100000, 0x0000000088000000| Untracked 
| 129|0x0000000088100000, 0x0000000088200000, 0x0000000088200000|100%|HS|  |TAMS 0x0000000088200000, 0x0000000088100000| Complete 
| 130|0x0000000088200000, 0x0000000088300000, 0x0000000088300000|100%| O|  |TAMS 0x0000000088300000, 0x0000000088200000| Untracked 
| 131|0x0000000088300000, 0x0000000088400000, 0x0000000088400000|100%| O|  |TAMS 0x0000000088400000, 0x0000000088300000| Untracked 
| 132|0x0000000088400000, 0x0000000088500000, 0x0000000088500000|100%| O|  |TAMS 0x0000000088500000, 0x0000000088400000| Untracked 
| 133|0x0000000088500000, 0x0000000088600000, 0x0000000088600000|100%| O|  |TAMS 0x0000000088600000, 0x0000000088500000| Untracked 
| 134|0x0000000088600000, 0x0000000088700000, 0x0000000088700000|100%| O|  |TAMS 0x0000000088700000, 0x0000000088600000| Untracked 
| 135|0x0000000088700000, 0x0000000088800000, 0x0000000088800000|100%| O|  |TAMS 0x0000000088800000, 0x0000000088700000| Untracked 
| 136|0x0000000088800000, 0x0000000088900000, 0x0000000088900000|100%| O|  |TAMS 0x0000000088900000, 0x0000000088800000| Untracked 
| 137|0x0000000088900000, 0x0000000088a00000, 0x0000000088a00000|100%| O|  |TAMS 0x0000000088a00000, 0x0000000088900000| Untracked 
| 138|0x0000000088a00000, 0x0000000088b00000, 0x0000000088b00000|100%| O|  |TAMS 0x0000000088b00000, 0x0000000088a00000| Untracked 
| 139|0x0000000088b00000, 0x0000000088c00000, 0x0000000088c00000|100%| O|  |TAMS 0x0000000088c00000, 0x0000000088b00000| Untracked 
| 140|0x0000000088c00000, 0x0000000088d00000, 0x0000000088d00000|100%| O|  |TAMS 0x0000000088d00000, 0x0000000088c00000| Untracked 
| 141|0x0000000088d00000, 0x0000000088e00000, 0x0000000088e00000|100%| O|  |TAMS 0x0000000088e00000, 0x0000000088d00000| Untracked 
| 142|0x0000000088e00000, 0x0000000088f00000, 0x0000000088f00000|100%| O|  |TAMS 0x0000000088f00000, 0x0000000088e00000| Untracked 
| 143|0x0000000088f00000, 0x0000000089000000, 0x0000000089000000|100%| O|  |TAMS 0x0000000089000000, 0x0000000088f00000| Untracked 
| 144|0x0000000089000000, 0x0000000089100000, 0x0000000089100000|100%| O|  |TAMS 0x0000000089100000, 0x0000000089000000| Untracked 
| 145|0x0000000089100000, 0x0000000089200000, 0x0000000089200000|100%| O|  |TAMS 0x0000000089200000, 0x0000000089100000| Untracked 
| 146|0x0000000089200000, 0x0000000089300000, 0x0000000089300000|100%| O|  |TAMS 0x0000000089300000, 0x0000000089200000| Untracked 
| 147|0x0000000089300000, 0x0000000089400000, 0x0000000089400000|100%| O|  |TAMS 0x0000000089400000, 0x0000000089300000| Untracked 
| 148|0x0000000089400000, 0x0000000089500000, 0x0000000089500000|100%| O|  |TAMS 0x0000000089500000, 0x0000000089400000| Untracked 
| 149|0x0000000089500000, 0x0000000089600000, 0x0000000089600000|100%| O|  |TAMS 0x0000000089600000, 0x0000000089500000| Untracked 
| 150|0x0000000089600000, 0x0000000089700000, 0x0000000089700000|100%| O|  |TAMS 0x0000000089700000, 0x0000000089600000| Untracked 
| 151|0x0000000089700000, 0x0000000089800000, 0x0000000089800000|100%| O|  |TAMS 0x0000000089800000, 0x0000000089700000| Untracked 
| 152|0x0000000089800000, 0x0000000089900000, 0x0000000089900000|100%| O|  |TAMS 0x0000000089900000, 0x0000000089800000| Untracked 
| 153|0x0000000089900000, 0x0000000089a00000, 0x0000000089a00000|100%| O|  |TAMS 0x0000000089a00000, 0x0000000089900000| Untracked 
| 154|0x0000000089a00000, 0x0000000089b00000, 0x0000000089b00000|100%| O|  |TAMS 0x0000000089b00000, 0x0000000089a00000| Untracked 
| 155|0x0000000089b00000, 0x0000000089c00000, 0x0000000089c00000|100%| O|  |TAMS 0x0000000089c00000, 0x0000000089b00000| Untracked 
| 156|0x0000000089c00000, 0x0000000089d00000, 0x0000000089d00000|100%| O|  |TAMS 0x0000000089d00000, 0x0000000089c00000| Untracked 
| 157|0x0000000089d00000, 0x0000000089e00000, 0x0000000089e00000|100%| O|  |TAMS 0x0000000089e00000, 0x0000000089d00000| Untracked 
| 158|0x0000000089e00000, 0x0000000089f00000, 0x0000000089f00000|100%| O|  |TAMS 0x0000000089f00000, 0x0000000089e00000| Untracked 
| 159|0x0000000089f00000, 0x000000008a000000, 0x000000008a000000|100%| O|  |TAMS 0x000000008a000000, 0x0000000089f00000| Untracked 
| 160|0x000000008a000000, 0x000000008a100000, 0x000000008a100000|100%| O|  |TAMS 0x000000008a100000, 0x000000008a000000| Untracked 
| 161|0x000000008a100000, 0x000000008a200000, 0x000000008a200000|100%| O|  |TAMS 0x000000008a200000, 0x000000008a100000| Untracked 
| 162|0x000000008a200000, 0x000000008a300000, 0x000000008a300000|100%| O|  |TAMS 0x000000008a300000, 0x000000008a200000| Untracked 
| 163|0x000000008a300000, 0x000000008a400000, 0x000000008a400000|100%| O|  |TAMS 0x000000008a400000, 0x000000008a300000| Untracked 
| 164|0x000000008a400000, 0x000000008a500000, 0x000000008a500000|100%| O|  |TAMS 0x000000008a500000, 0x000000008a400000| Untracked 
| 165|0x000000008a500000, 0x000000008a600000, 0x000000008a600000|100%| O|  |TAMS 0x000000008a600000, 0x000000008a500000| Untracked 
| 166|0x000000008a600000, 0x000000008a700000, 0x000000008a700000|100%| O|  |TAMS 0x000000008a700000, 0x000000008a600000| Untracked 
| 167|0x000000008a700000, 0x000000008a800000, 0x000000008a800000|100%| O|  |TAMS 0x000000008a800000, 0x000000008a700000| Untracked 
| 168|0x000000008a800000, 0x000000008a900000, 0x000000008a900000|100%| O|  |TAMS 0x000000008a900000, 0x000000008a800000| Untracked 
| 169|0x000000008a900000, 0x000000008aa00000, 0x000000008aa00000|100%| O|  |TAMS 0x000000008aa00000, 0x000000008a900000| Untracked 
| 170|0x000000008aa00000, 0x000000008ab00000, 0x000000008ab00000|100%| O|  |TAMS 0x000000008aa00000, 0x000000008aa00000| Untracked 
| 171|0x000000008ab00000, 0x000000008ac00000, 0x000000008ac00000|100%| O|  |TAMS 0x000000008ac00000, 0x000000008ab00000| Untracked 
| 172|0x000000008ac00000, 0x000000008ad00000, 0x000000008ad00000|100%| O|  |TAMS 0x000000008ad00000, 0x000000008ac00000| Untracked 
| 173|0x000000008ad00000, 0x000000008ae00000, 0x000000008ae00000|100%| O|  |TAMS 0x000000008ae00000, 0x000000008ad00000| Untracked 
| 174|0x000000008ae00000, 0x000000008af00000, 0x000000008af00000|100%| O|  |TAMS 0x000000008af00000, 0x000000008ae00000| Untracked 
| 175|0x000000008af00000, 0x000000008b000000, 0x000000008b000000|100%| O|  |TAMS 0x000000008b000000, 0x000000008af00000| Untracked 
| 176|0x000000008b000000, 0x000000008b100000, 0x000000008b100000|100%| O|  |TAMS 0x000000008b100000, 0x000000008b000000| Untracked 
| 177|0x000000008b100000, 0x000000008b200000, 0x000000008b200000|100%| O|  |TAMS 0x000000008b200000, 0x000000008b100000| Untracked 
| 178|0x000000008b200000, 0x000000008b300000, 0x000000008b300000|100%| O|  |TAMS 0x000000008b300000, 0x000000008b200000| Untracked 
| 179|0x000000008b300000, 0x000000008b400000, 0x000000008b400000|100%| O|  |TAMS 0x000000008b400000, 0x000000008b300000| Untracked 
| 180|0x000000008b400000, 0x000000008b500000, 0x000000008b500000|100%| O|  |TAMS 0x000000008b500000, 0x000000008b400000| Untracked 
| 181|0x000000008b500000, 0x000000008b600000, 0x000000008b600000|100%| O|  |TAMS 0x000000008b600000, 0x000000008b500000| Untracked 
| 182|0x000000008b600000, 0x000000008b700000, 0x000000008b700000|100%| O|  |TAMS 0x000000008b700000, 0x000000008b600000| Untracked 
| 183|0x000000008b700000, 0x000000008b800000, 0x000000008b800000|100%| O|  |TAMS 0x000000008b700000, 0x000000008b700000| Untracked 
| 184|0x000000008b800000, 0x000000008b900000, 0x000000008b900000|100%| O|  |TAMS 0x000000008b900000, 0x000000008b800000| Untracked 
| 185|0x000000008b900000, 0x000000008ba00000, 0x000000008ba00000|100%| O|  |TAMS 0x000000008ba00000, 0x000000008b900000| Untracked 
| 186|0x000000008ba00000, 0x000000008bb00000, 0x000000008bb00000|100%| O|  |TAMS 0x000000008bb00000, 0x000000008ba00000| Untracked 
| 187|0x000000008bb00000, 0x000000008bc00000, 0x000000008bc00000|100%| O|  |TAMS 0x000000008bc00000, 0x000000008bb00000| Untracked 
| 188|0x000000008bc00000, 0x000000008bd00000, 0x000000008bd00000|100%| O|  |TAMS 0x000000008bd00000, 0x000000008bc00000| Untracked 
| 189|0x000000008bd00000, 0x000000008be00000, 0x000000008be00000|100%| O|  |TAMS 0x000000008be00000, 0x000000008bd00000| Untracked 
| 190|0x000000008be00000, 0x000000008bf00000, 0x000000008bf00000|100%| O|  |TAMS 0x000000008bf00000, 0x000000008be00000| Untracked 
| 191|0x000000008bf00000, 0x000000008c000000, 0x000000008c000000|100%| O|  |TAMS 0x000000008c000000, 0x000000008bf00000| Untracked 
| 192|0x000000008c000000, 0x000000008c100000, 0x000000008c100000|100%| O|  |TAMS 0x000000008c100000, 0x000000008c000000| Untracked 
| 193|0x000000008c100000, 0x000000008c200000, 0x000000008c200000|100%| O|  |TAMS 0x000000008c100000, 0x000000008c100000| Untracked 
| 194|0x000000008c200000, 0x000000008c300000, 0x000000008c300000|100%| O|  |TAMS 0x000000008c300000, 0x000000008c200000| Untracked 
| 195|0x000000008c300000, 0x000000008c400000, 0x000000008c400000|100%| O|  |TAMS 0x000000008c400000, 0x000000008c300000| Untracked 
| 196|0x000000008c400000, 0x000000008c500000, 0x000000008c500000|100%| O|  |TAMS 0x000000008c500000, 0x000000008c400000| Untracked 
| 197|0x000000008c500000, 0x000000008c600000, 0x000000008c600000|100%| O|  |TAMS 0x000000008c600000, 0x000000008c500000| Untracked 
| 198|0x000000008c600000, 0x000000008c700000, 0x000000008c700000|100%| O|  |TAMS 0x000000008c700000, 0x000000008c600000| Untracked 
| 199|0x000000008c700000, 0x000000008c800000, 0x000000008c800000|100%| O|  |TAMS 0x000000008c800000, 0x000000008c700000| Untracked 
| 200|0x000000008c800000, 0x000000008c900000, 0x000000008c900000|100%| O|  |TAMS 0x000000008c900000, 0x000000008c800000| Untracked 
| 201|0x000000008c900000, 0x000000008ca00000, 0x000000008ca00000|100%| O|  |TAMS 0x000000008ca00000, 0x000000008c900000| Untracked 
| 202|0x000000008ca00000, 0x000000008cb00000, 0x000000008cb00000|100%| O|  |TAMS 0x000000008cb00000, 0x000000008ca00000| Untracked 
| 203|0x000000008cb00000, 0x000000008cc00000, 0x000000008cc00000|100%| O|  |TAMS 0x000000008cc00000, 0x000000008cb00000| Untracked 
| 204|0x000000008cc00000, 0x000000008cd00000, 0x000000008cd00000|100%| O|  |TAMS 0x000000008cc00000, 0x000000008cc00000| Untracked 
| 205|0x000000008cd00000, 0x000000008cdad800, 0x000000008ce00000| 67%| O|  |TAMS 0x000000008cd00000, 0x000000008cd00000| Untracked 
| 206|0x000000008ce00000, 0x000000008cf00000, 0x000000008cf00000|100%| O|  |TAMS 0x000000008cf00000, 0x000000008ce00000| Untracked 
| 207|0x000000008cf00000, 0x000000008d000000, 0x000000008d000000|100%| O|  |TAMS 0x000000008d000000, 0x000000008cf00000| Untracked 
| 208|0x000000008d000000, 0x000000008d100000, 0x000000008d100000|100%| O|  |TAMS 0x000000008d100000, 0x000000008d000000| Untracked 
| 209|0x000000008d100000, 0x000000008d200000, 0x000000008d200000|100%| O|  |TAMS 0x000000008d200000, 0x000000008d100000| Untracked 
| 210|0x000000008d200000, 0x000000008d300000, 0x000000008d300000|100%| O|  |TAMS 0x000000008d300000, 0x000000008d200000| Untracked 
| 211|0x000000008d300000, 0x000000008d400000, 0x000000008d400000|100%| O|  |TAMS 0x000000008d400000, 0x000000008d300000| Untracked 
| 212|0x000000008d400000, 0x000000008d500000, 0x000000008d500000|100%| O|  |TAMS 0x000000008d500000, 0x000000008d400000| Untracked 
| 213|0x000000008d500000, 0x000000008d600000, 0x000000008d600000|100%| O|  |TAMS 0x000000008d600000, 0x000000008d500000| Untracked 
| 214|0x000000008d600000, 0x000000008d600000, 0x000000008d700000|  0%| F|  |TAMS 0x000000008d600000, 0x000000008d600000| Untracked 
| 215|0x000000008d700000, 0x000000008d800000, 0x000000008d800000|100%| O|  |TAMS 0x000000008d800000, 0x000000008d700000| Untracked 
| 216|0x000000008d800000, 0x000000008d900000, 0x000000008d900000|100%| O|  |TAMS 0x000000008d900000, 0x000000008d800000| Untracked 
| 217|0x000000008d900000, 0x000000008da00000, 0x000000008da00000|100%| O|  |TAMS 0x000000008da00000, 0x000000008d900000| Untracked 
| 218|0x000000008da00000, 0x000000008db00000, 0x000000008db00000|100%| O|  |TAMS 0x000000008db00000, 0x000000008da00000| Untracked 
| 219|0x000000008db00000, 0x000000008dc00000, 0x000000008dc00000|100%| O|  |TAMS 0x000000008dc00000, 0x000000008db00000| Untracked 
| 220|0x000000008dc00000, 0x000000008dd00000, 0x000000008dd00000|100%| O|  |TAMS 0x000000008dd00000, 0x000000008dc00000| Untracked 
| 221|0x000000008dd00000, 0x000000008de00000, 0x000000008de00000|100%| O|  |TAMS 0x000000008de00000, 0x000000008dd00000| Untracked 
| 222|0x000000008de00000, 0x000000008df00000, 0x000000008df00000|100%| O|  |TAMS 0x000000008df00000, 0x000000008de00000| Untracked 
| 223|0x000000008df00000, 0x000000008e000000, 0x000000008e000000|100%| O|  |TAMS 0x000000008e000000, 0x000000008df00000| Untracked 
| 224|0x000000008e000000, 0x000000008e100000, 0x000000008e100000|100%| O|  |TAMS 0x000000008e100000, 0x000000008e000000| Untracked 
| 225|0x000000008e100000, 0x000000008e200000, 0x000000008e200000|100%| O|  |TAMS 0x000000008e200000, 0x000000008e100000| Untracked 
| 226|0x000000008e200000, 0x000000008e300000, 0x000000008e300000|100%| O|  |TAMS 0x000000008e300000, 0x000000008e200000| Untracked 
| 227|0x000000008e300000, 0x000000008e300000, 0x000000008e400000|  0%| F|  |TAMS 0x000000008e300000, 0x000000008e300000| Untracked 
| 228|0x000000008e400000, 0x000000008e500000, 0x000000008e500000|100%| O|  |TAMS 0x000000008e500000, 0x000000008e400000| Untracked 
| 229|0x000000008e500000, 0x000000008e600000, 0x000000008e600000|100%| O|  |TAMS 0x000000008e600000, 0x000000008e500000| Untracked 
| 230|0x000000008e600000, 0x000000008e700000, 0x000000008e700000|100%| O|  |TAMS 0x000000008e700000, 0x000000008e600000| Untracked 
| 231|0x000000008e700000, 0x000000008e800000, 0x000000008e800000|100%| O|  |TAMS 0x000000008e800000, 0x000000008e700000| Untracked 
| 232|0x000000008e800000, 0x000000008e800000, 0x000000008e900000|  0%| F|  |TAMS 0x000000008e800000, 0x000000008e800000| Untracked 
| 233|0x000000008e900000, 0x000000008ea00000, 0x000000008ea00000|100%| O|  |TAMS 0x000000008ea00000, 0x000000008e900000| Untracked 
| 234|0x000000008ea00000, 0x000000008eb00000, 0x000000008eb00000|100%| O|  |TAMS 0x000000008eb00000, 0x000000008ea00000| Untracked 
| 235|0x000000008eb00000, 0x000000008ec00000, 0x000000008ec00000|100%| O|  |TAMS 0x000000008ec00000, 0x000000008eb00000| Untracked 
| 236|0x000000008ec00000, 0x000000008ed00000, 0x000000008ed00000|100%| O|  |TAMS 0x000000008ed00000, 0x000000008ec00000| Untracked 
| 237|0x000000008ed00000, 0x000000008ee00000, 0x000000008ee00000|100%| O|  |TAMS 0x000000008ee00000, 0x000000008ed00000| Untracked 
| 238|0x000000008ee00000, 0x000000008ef00000, 0x000000008ef00000|100%| O|  |TAMS 0x000000008ef00000, 0x000000008ee00000| Untracked 
| 239|0x000000008ef00000, 0x000000008f000000, 0x000000008f000000|100%| O|  |TAMS 0x000000008f000000, 0x000000008ef00000| Untracked 
| 240|0x000000008f000000, 0x000000008f100000, 0x000000008f100000|100%| O|  |TAMS 0x000000008f100000, 0x000000008f000000| Untracked 
| 241|0x000000008f100000, 0x000000008f200000, 0x000000008f200000|100%| O|  |TAMS 0x000000008f200000, 0x000000008f100000| Untracked 
| 242|0x000000008f200000, 0x000000008f300000, 0x000000008f300000|100%| O|  |TAMS 0x000000008f300000, 0x000000008f200000| Untracked 
| 243|0x000000008f300000, 0x000000008f400000, 0x000000008f400000|100%| O|  |TAMS 0x000000008f400000, 0x000000008f300000| Untracked 
| 244|0x000000008f400000, 0x000000008f500000, 0x000000008f500000|100%| O|  |TAMS 0x000000008f500000, 0x000000008f400000| Untracked 
| 245|0x000000008f500000, 0x000000008f500000, 0x000000008f600000|  0%| F|  |TAMS 0x000000008f500000, 0x000000008f500000| Untracked 
| 246|0x000000008f600000, 0x000000008f700000, 0x000000008f700000|100%| O|  |TAMS 0x000000008f700000, 0x000000008f600000| Untracked 
| 247|0x000000008f700000, 0x000000008f800000, 0x000000008f800000|100%| O|  |TAMS 0x000000008f800000, 0x000000008f700000| Untracked 
| 248|0x000000008f800000, 0x000000008f900000, 0x000000008f900000|100%| O|  |TAMS 0x000000008f900000, 0x000000008f800000| Untracked 
| 249|0x000000008f900000, 0x000000008fa00000, 0x000000008fa00000|100%| O|  |TAMS 0x000000008fa00000, 0x000000008f900000| Untracked 
| 250|0x000000008fa00000, 0x000000008fb00000, 0x000000008fb00000|100%| O|  |TAMS 0x000000008fb00000, 0x000000008fa00000| Untracked 
| 251|0x000000008fb00000, 0x000000008fc00000, 0x000000008fc00000|100%| O|  |TAMS 0x000000008fc00000, 0x000000008fb00000| Untracked 
| 252|0x000000008fc00000, 0x000000008fd00000, 0x000000008fd00000|100%| O|  |TAMS 0x000000008fd00000, 0x000000008fc00000| Untracked 
| 253|0x000000008fd00000, 0x000000008fe00000, 0x000000008fe00000|100%| O|  |TAMS 0x000000008fe00000, 0x000000008fd00000| Untracked 
| 254|0x000000008fe00000, 0x000000008ff00000, 0x000000008ff00000|100%| O|  |TAMS 0x000000008ff00000, 0x000000008fe00000| Untracked 
| 255|0x000000008ff00000, 0x0000000090000000, 0x0000000090000000|100%| O|  |TAMS 0x0000000090000000, 0x000000008ff00000| Untracked 
| 256|0x0000000090000000, 0x0000000090100000, 0x0000000090100000|100%| O|  |TAMS 0x0000000090100000, 0x0000000090000000| Untracked 
| 257|0x0000000090100000, 0x0000000090200000, 0x0000000090200000|100%| O|  |TAMS 0x0000000090200000, 0x0000000090100000| Untracked 
| 258|0x0000000090200000, 0x0000000090300000, 0x0000000090300000|100%| O|  |TAMS 0x0000000090300000, 0x0000000090200000| Untracked 
| 259|0x0000000090300000, 0x0000000090400000, 0x0000000090400000|100%| O|  |TAMS 0x0000000090400000, 0x0000000090300000| Untracked 
| 260|0x0000000090400000, 0x0000000090500000, 0x0000000090500000|100%| O|  |TAMS 0x0000000090500000, 0x0000000090400000| Untracked 
| 261|0x0000000090500000, 0x0000000090600000, 0x0000000090600000|100%| O|  |TAMS 0x0000000090600000, 0x0000000090500000| Untracked 
| 262|0x0000000090600000, 0x0000000090700000, 0x0000000090700000|100%| O|  |TAMS 0x0000000090700000, 0x0000000090600000| Untracked 
| 263|0x0000000090700000, 0x0000000090800000, 0x0000000090800000|100%| O|  |TAMS 0x0000000090800000, 0x0000000090700000| Untracked 
| 264|0x0000000090800000, 0x0000000090900000, 0x0000000090900000|100%| O|  |TAMS 0x0000000090900000, 0x0000000090800000| Untracked 
| 265|0x0000000090900000, 0x0000000090a00000, 0x0000000090a00000|100%| O|  |TAMS 0x0000000090a00000, 0x0000000090900000| Untracked 
| 266|0x0000000090a00000, 0x0000000090b00000, 0x0000000090b00000|100%| O|  |TAMS 0x0000000090b00000, 0x0000000090a00000| Untracked 
| 267|0x0000000090b00000, 0x0000000090c00000, 0x0000000090c00000|100%| O|  |TAMS 0x0000000090c00000, 0x0000000090b00000| Untracked 
| 268|0x0000000090c00000, 0x0000000090d00000, 0x0000000090d00000|100%|HS|  |TAMS 0x0000000090d00000, 0x0000000090c00000| Complete 
| 269|0x0000000090d00000, 0x0000000090e00000, 0x0000000090e00000|100%|HS|  |TAMS 0x0000000090e00000, 0x0000000090d00000| Complete 
| 270|0x0000000090e00000, 0x0000000090f00000, 0x0000000090f00000|100%|HS|  |TAMS 0x0000000090f00000, 0x0000000090e00000| Complete 
| 271|0x0000000090f00000, 0x0000000091000000, 0x0000000091000000|100%|HC|  |TAMS 0x0000000091000000, 0x0000000090f00000| Complete 
| 272|0x0000000091000000, 0x0000000091100000, 0x0000000091100000|100%| O|  |TAMS 0x0000000091100000, 0x0000000091000000| Untracked 
| 273|0x0000000091100000, 0x0000000091200000, 0x0000000091200000|100%| O|  |TAMS 0x0000000091200000, 0x0000000091100000| Untracked 
| 274|0x0000000091200000, 0x0000000091200000, 0x0000000091300000|  0%| F|  |TAMS 0x0000000091200000, 0x0000000091200000| Untracked 
| 275|0x0000000091300000, 0x0000000091300000, 0x0000000091400000|  0%| F|  |TAMS 0x0000000091300000, 0x0000000091300000| Untracked 
| 276|0x0000000091400000, 0x0000000091400000, 0x0000000091500000|  0%| F|  |TAMS 0x0000000091400000, 0x0000000091400000| Untracked 
| 277|0x0000000091500000, 0x0000000091600000, 0x0000000091600000|100%| O|  |TAMS 0x0000000091600000, 0x0000000091500000| Untracked 
| 278|0x0000000091600000, 0x0000000091700000, 0x0000000091700000|100%| O|  |TAMS 0x0000000091700000, 0x0000000091600000| Untracked 
| 279|0x0000000091700000, 0x0000000091800000, 0x0000000091800000|100%| O|  |TAMS 0x0000000091800000, 0x0000000091700000| Untracked 
| 280|0x0000000091800000, 0x0000000091900000, 0x0000000091900000|100%| O|  |TAMS 0x0000000091900000, 0x0000000091800000| Untracked 
| 281|0x0000000091900000, 0x0000000091a00000, 0x0000000091a00000|100%| O|  |TAMS 0x0000000091a00000, 0x0000000091900000| Untracked 
| 282|0x0000000091a00000, 0x0000000091b00000, 0x0000000091b00000|100%| O|  |TAMS 0x0000000091b00000, 0x0000000091a00000| Untracked 
| 283|0x0000000091b00000, 0x0000000091b00000, 0x0000000091c00000|  0%| F|  |TAMS 0x0000000091b00000, 0x0000000091b00000| Untracked 
| 284|0x0000000091c00000, 0x0000000091c00000, 0x0000000091d00000|  0%| F|  |TAMS 0x0000000091c00000, 0x0000000091c00000| Untracked 
| 285|0x0000000091d00000, 0x0000000091e00000, 0x0000000091e00000|100%| O|  |TAMS 0x0000000091e00000, 0x0000000091d00000| Untracked 
| 286|0x0000000091e00000, 0x0000000091f00000, 0x0000000091f00000|100%| O|  |TAMS 0x0000000091f00000, 0x0000000091e00000| Untracked 
| 287|0x0000000091f00000, 0x0000000092000000, 0x0000000092000000|100%| O|  |TAMS 0x0000000092000000, 0x0000000091f00000| Untracked 
| 288|0x0000000092000000, 0x0000000092100000, 0x0000000092100000|100%| O|  |TAMS 0x0000000092100000, 0x0000000092000000| Untracked 
| 289|0x0000000092100000, 0x0000000092200000, 0x0000000092200000|100%| O|  |TAMS 0x0000000092200000, 0x0000000092100000| Untracked 
| 290|0x0000000092200000, 0x0000000092300000, 0x0000000092300000|100%| O|  |TAMS 0x0000000092300000, 0x0000000092200000| Untracked 
| 291|0x0000000092300000, 0x0000000092400000, 0x0000000092400000|100%| O|  |TAMS 0x0000000092400000, 0x0000000092300000| Untracked 
| 292|0x0000000092400000, 0x0000000092500000, 0x0000000092500000|100%|HS|  |TAMS 0x0000000092500000, 0x0000000092400000| Complete 
| 293|0x0000000092500000, 0x0000000092500000, 0x0000000092600000|  0%| F|  |TAMS 0x0000000092500000, 0x0000000092500000| Untracked 
| 294|0x0000000092600000, 0x0000000092700000, 0x0000000092700000|100%| O|  |TAMS 0x0000000092700000, 0x0000000092600000| Untracked 
| 295|0x0000000092700000, 0x0000000092800000, 0x0000000092800000|100%| O|  |TAMS 0x0000000092800000, 0x0000000092700000| Untracked 
| 296|0x0000000092800000, 0x0000000092900000, 0x0000000092900000|100%| O|  |TAMS 0x0000000092900000, 0x0000000092800000| Untracked 
| 297|0x0000000092900000, 0x0000000092a00000, 0x0000000092a00000|100%| O|  |TAMS 0x0000000092a00000, 0x0000000092900000| Untracked 
| 298|0x0000000092a00000, 0x0000000092b00000, 0x0000000092b00000|100%| O|  |TAMS 0x0000000092b00000, 0x0000000092a00000| Untracked 
| 299|0x0000000092b00000, 0x0000000092c00000, 0x0000000092c00000|100%| O|  |TAMS 0x0000000092c00000, 0x0000000092b00000| Untracked 
| 300|0x0000000092c00000, 0x0000000092d00000, 0x0000000092d00000|100%| O|  |TAMS 0x0000000092d00000, 0x0000000092c00000| Untracked 
| 301|0x0000000092d00000, 0x0000000092e00000, 0x0000000092e00000|100%| O|  |TAMS 0x0000000092e00000, 0x0000000092d00000| Untracked 
| 302|0x0000000092e00000, 0x0000000092f00000, 0x0000000092f00000|100%| O|  |TAMS 0x0000000092f00000, 0x0000000092e00000| Untracked 
| 303|0x0000000092f00000, 0x0000000093000000, 0x0000000093000000|100%| O|  |TAMS 0x0000000093000000, 0x0000000092f00000| Untracked 
| 304|0x0000000093000000, 0x0000000093100000, 0x0000000093100000|100%| O|  |TAMS 0x0000000093100000, 0x0000000093000000| Untracked 
| 305|0x0000000093100000, 0x0000000093200000, 0x0000000093200000|100%|HS|  |TAMS 0x0000000093200000, 0x0000000093100000| Complete 
| 306|0x0000000093200000, 0x0000000093300000, 0x0000000093300000|100%|HS|  |TAMS 0x0000000093300000, 0x0000000093200000| Complete 
| 307|0x0000000093300000, 0x0000000093400000, 0x0000000093400000|100%| O|  |TAMS 0x0000000093400000, 0x0000000093300000| Untracked 
| 308|0x0000000093400000, 0x0000000093500000, 0x0000000093500000|100%| O|  |TAMS 0x0000000093500000, 0x0000000093400000| Untracked 
| 309|0x0000000093500000, 0x0000000093600000, 0x0000000093600000|100%| O|  |TAMS 0x0000000093600000, 0x0000000093500000| Untracked 
| 310|0x0000000093600000, 0x0000000093600000, 0x0000000093700000|  0%| F|  |TAMS 0x0000000093600000, 0x0000000093600000| Untracked 
| 311|0x0000000093700000, 0x0000000093700000, 0x0000000093800000|  0%| F|  |TAMS 0x0000000093700000, 0x0000000093700000| Untracked 
| 312|0x0000000093800000, 0x0000000093900000, 0x0000000093900000|100%| O|  |TAMS 0x0000000093900000, 0x0000000093800000| Untracked 
| 313|0x0000000093900000, 0x0000000093a00000, 0x0000000093a00000|100%| O|  |TAMS 0x0000000093a00000, 0x0000000093900000| Untracked 
| 314|0x0000000093a00000, 0x0000000093b00000, 0x0000000093b00000|100%| O|  |TAMS 0x0000000093b00000, 0x0000000093a00000| Untracked 
| 315|0x0000000093b00000, 0x0000000093c00000, 0x0000000093c00000|100%| O|  |TAMS 0x0000000093c00000, 0x0000000093b00000| Untracked 
| 316|0x0000000093c00000, 0x0000000093d00000, 0x0000000093d00000|100%| O|  |TAMS 0x0000000093d00000, 0x0000000093c00000| Untracked 
| 317|0x0000000093d00000, 0x0000000093e00000, 0x0000000093e00000|100%| O|  |TAMS 0x0000000093e00000, 0x0000000093d00000| Untracked 
| 318|0x0000000093e00000, 0x0000000093f00000, 0x0000000093f00000|100%| O|  |TAMS 0x0000000093f00000, 0x0000000093e00000| Untracked 
| 319|0x0000000093f00000, 0x0000000094000000, 0x0000000094000000|100%| O|  |TAMS 0x0000000094000000, 0x0000000093f00000| Untracked 
| 320|0x0000000094000000, 0x0000000094100000, 0x0000000094100000|100%| O|  |TAMS 0x0000000094100000, 0x0000000094000000| Untracked 
| 321|0x0000000094100000, 0x0000000094200000, 0x0000000094200000|100%| O|  |TAMS 0x0000000094200000, 0x0000000094100000| Untracked 
| 322|0x0000000094200000, 0x0000000094300000, 0x0000000094300000|100%| O|  |TAMS 0x0000000094300000, 0x0000000094200000| Untracked 
| 323|0x0000000094300000, 0x0000000094400000, 0x0000000094400000|100%| O|  |TAMS 0x0000000094400000, 0x0000000094300000| Untracked 
| 324|0x0000000094400000, 0x0000000094500000, 0x0000000094500000|100%| O|  |TAMS 0x0000000094500000, 0x0000000094400000| Untracked 
| 325|0x0000000094500000, 0x0000000094600000, 0x0000000094600000|100%| O|  |TAMS 0x0000000094600000, 0x0000000094500000| Untracked 
| 326|0x0000000094600000, 0x0000000094700000, 0x0000000094700000|100%| O|  |TAMS 0x0000000094700000, 0x0000000094600000| Untracked 
| 327|0x0000000094700000, 0x0000000094800000, 0x0000000094800000|100%| O|  |TAMS 0x0000000094800000, 0x0000000094700000| Untracked 
| 328|0x0000000094800000, 0x0000000094900000, 0x0000000094900000|100%| O|  |TAMS 0x0000000094900000, 0x0000000094800000| Untracked 
| 329|0x0000000094900000, 0x0000000094a00000, 0x0000000094a00000|100%| O|  |TAMS 0x0000000094a00000, 0x0000000094900000| Untracked 
| 330|0x0000000094a00000, 0x0000000094b00000, 0x0000000094b00000|100%| O|  |TAMS 0x0000000094b00000, 0x0000000094a00000| Untracked 
| 331|0x0000000094b00000, 0x0000000094c00000, 0x0000000094c00000|100%| O|  |TAMS 0x0000000094c00000, 0x0000000094b00000| Untracked 
| 332|0x0000000094c00000, 0x0000000094d00000, 0x0000000094d00000|100%| O|  |TAMS 0x0000000094d00000, 0x0000000094c00000| Untracked 
| 333|0x0000000094d00000, 0x0000000094e00000, 0x0000000094e00000|100%| O|  |TAMS 0x0000000094e00000, 0x0000000094d00000| Untracked 
| 334|0x0000000094e00000, 0x0000000094e00000, 0x0000000094f00000|  0%| F|  |TAMS 0x0000000094e00000, 0x0000000094e00000| Untracked 
| 335|0x0000000094f00000, 0x0000000095000000, 0x0000000095000000|100%| O|  |TAMS 0x0000000095000000, 0x0000000094f00000| Untracked 
| 336|0x0000000095000000, 0x0000000095100000, 0x0000000095100000|100%| O|  |TAMS 0x0000000095100000, 0x0000000095000000| Untracked 
| 337|0x0000000095100000, 0x0000000095200000, 0x0000000095200000|100%| O|  |TAMS 0x0000000095200000, 0x0000000095100000| Untracked 
| 338|0x0000000095200000, 0x0000000095300000, 0x0000000095300000|100%| O|  |TAMS 0x0000000095300000, 0x0000000095200000| Untracked 
| 339|0x0000000095300000, 0x0000000095300000, 0x0000000095400000|  0%| F|  |TAMS 0x0000000095300000, 0x0000000095300000| Untracked 
| 340|0x0000000095400000, 0x0000000095400000, 0x0000000095500000|  0%| F|  |TAMS 0x0000000095400000, 0x0000000095400000| Untracked 
| 341|0x0000000095500000, 0x0000000095600000, 0x0000000095600000|100%| O|  |TAMS 0x0000000095600000, 0x0000000095500000| Untracked 
| 342|0x0000000095600000, 0x0000000095700000, 0x0000000095700000|100%| O|  |TAMS 0x0000000095700000, 0x0000000095600000| Untracked 
| 343|0x0000000095700000, 0x0000000095700000, 0x0000000095800000|  0%| F|  |TAMS 0x0000000095700000, 0x0000000095700000| Untracked 
| 344|0x0000000095800000, 0x0000000095900000, 0x0000000095900000|100%| O|  |TAMS 0x0000000095900000, 0x0000000095800000| Untracked 
| 345|0x0000000095900000, 0x0000000095a00000, 0x0000000095a00000|100%| O|  |TAMS 0x0000000095a00000, 0x0000000095900000| Untracked 
| 346|0x0000000095a00000, 0x0000000095b00000, 0x0000000095b00000|100%| O|  |TAMS 0x0000000095b00000, 0x0000000095a00000| Untracked 
| 347|0x0000000095b00000, 0x0000000095c00000, 0x0000000095c00000|100%| O|  |TAMS 0x0000000095c00000, 0x0000000095b00000| Untracked 
| 348|0x0000000095c00000, 0x0000000095d00000, 0x0000000095d00000|100%| O|  |TAMS 0x0000000095d00000, 0x0000000095c00000| Untracked 
| 349|0x0000000095d00000, 0x0000000095e00000, 0x0000000095e00000|100%| O|  |TAMS 0x0000000095e00000, 0x0000000095d00000| Untracked 
| 350|0x0000000095e00000, 0x0000000095f00000, 0x0000000095f00000|100%| O|  |TAMS 0x0000000095f00000, 0x0000000095e00000| Untracked 
| 351|0x0000000095f00000, 0x0000000095f00000, 0x0000000096000000|  0%| F|  |TAMS 0x0000000095f00000, 0x0000000095f00000| Untracked 
| 352|0x0000000096000000, 0x0000000096100000, 0x0000000096100000|100%|HS|  |TAMS 0x0000000096100000, 0x0000000096000000| Complete 
| 353|0x0000000096100000, 0x0000000096200000, 0x0000000096200000|100%| O|  |TAMS 0x0000000096200000, 0x0000000096100000| Untracked 
| 354|0x0000000096200000, 0x0000000096300000, 0x0000000096300000|100%| O|  |TAMS 0x0000000096300000, 0x0000000096200000| Untracked 
| 355|0x0000000096300000, 0x0000000096400000, 0x0000000096400000|100%| O|  |TAMS 0x0000000096400000, 0x0000000096300000| Untracked 
| 356|0x0000000096400000, 0x0000000096400000, 0x0000000096500000|  0%| F|  |TAMS 0x0000000096400000, 0x0000000096400000| Untracked 
| 357|0x0000000096500000, 0x0000000096500000, 0x0000000096600000|  0%| F|  |TAMS 0x0000000096500000, 0x0000000096500000| Untracked 
| 358|0x0000000096600000, 0x0000000096600000, 0x0000000096700000|  0%| F|  |TAMS 0x0000000096600000, 0x0000000096600000| Untracked 
| 359|0x0000000096700000, 0x0000000096800000, 0x0000000096800000|100%| O|  |TAMS 0x0000000096800000, 0x0000000096700000| Untracked 
| 360|0x0000000096800000, 0x0000000096900000, 0x0000000096900000|100%| O|  |TAMS 0x0000000096900000, 0x0000000096800000| Untracked 
| 361|0x0000000096900000, 0x0000000096a00000, 0x0000000096a00000|100%| O|  |TAMS 0x0000000096a00000, 0x0000000096900000| Untracked 
| 362|0x0000000096a00000, 0x0000000096b00000, 0x0000000096b00000|100%| O|  |TAMS 0x0000000096b00000, 0x0000000096a00000| Untracked 
| 363|0x0000000096b00000, 0x0000000096c00000, 0x0000000096c00000|100%| O|  |TAMS 0x0000000096c00000, 0x0000000096b00000| Untracked 
| 364|0x0000000096c00000, 0x0000000096d00000, 0x0000000096d00000|100%| O|  |TAMS 0x0000000096d00000, 0x0000000096c00000| Untracked 
| 365|0x0000000096d00000, 0x0000000096e00000, 0x0000000096e00000|100%| O|  |TAMS 0x0000000096e00000, 0x0000000096d00000| Untracked 
| 366|0x0000000096e00000, 0x0000000096f00000, 0x0000000096f00000|100%| O|  |TAMS 0x0000000096f00000, 0x0000000096e00000| Untracked 
| 367|0x0000000096f00000, 0x0000000097000000, 0x0000000097000000|100%|HS|  |TAMS 0x0000000097000000, 0x0000000096f00000| Complete 
| 368|0x0000000097000000, 0x0000000097100000, 0x0000000097100000|100%|HS|  |TAMS 0x0000000097100000, 0x0000000097000000| Complete 
| 369|0x0000000097100000, 0x0000000097200000, 0x0000000097200000|100%| O|  |TAMS 0x0000000097200000, 0x0000000097100000| Untracked 
| 370|0x0000000097200000, 0x0000000097300000, 0x0000000097300000|100%| O|  |TAMS 0x0000000097300000, 0x0000000097200000| Untracked 
| 371|0x0000000097300000, 0x0000000097400000, 0x0000000097400000|100%| O|  |TAMS 0x0000000097400000, 0x0000000097300000| Untracked 
| 372|0x0000000097400000, 0x0000000097500000, 0x0000000097500000|100%| O|  |TAMS 0x0000000097500000, 0x0000000097400000| Untracked 
| 373|0x0000000097500000, 0x0000000097600000, 0x0000000097600000|100%| O|  |TAMS 0x0000000097600000, 0x0000000097500000| Untracked 
| 374|0x0000000097600000, 0x0000000097700000, 0x0000000097700000|100%| O|  |TAMS 0x0000000097700000, 0x0000000097600000| Untracked 
| 375|0x0000000097700000, 0x0000000097800000, 0x0000000097800000|100%| O|  |TAMS 0x0000000097800000, 0x0000000097700000| Untracked 
| 376|0x0000000097800000, 0x0000000097900000, 0x0000000097900000|100%| O|  |TAMS 0x0000000097900000, 0x0000000097800000| Untracked 
| 377|0x0000000097900000, 0x0000000097a00000, 0x0000000097a00000|100%|HS|  |TAMS 0x0000000097a00000, 0x0000000097900000| Complete 
| 378|0x0000000097a00000, 0x0000000097b00000, 0x0000000097b00000|100%|HS|  |TAMS 0x0000000097b00000, 0x0000000097a00000| Complete 
| 379|0x0000000097b00000, 0x0000000097c00000, 0x0000000097c00000|100%|HS|  |TAMS 0x0000000097c00000, 0x0000000097b00000| Complete 
| 380|0x0000000097c00000, 0x0000000097d00000, 0x0000000097d00000|100%| O|  |TAMS 0x0000000097d00000, 0x0000000097c00000| Untracked 
| 381|0x0000000097d00000, 0x0000000097e00000, 0x0000000097e00000|100%| O|  |TAMS 0x0000000097e00000, 0x0000000097d00000| Untracked 
| 382|0x0000000097e00000, 0x0000000097f00000, 0x0000000097f00000|100%| O|  |TAMS 0x0000000097f00000, 0x0000000097e00000| Untracked 
| 383|0x0000000097f00000, 0x0000000098000000, 0x0000000098000000|100%| O|  |TAMS 0x0000000098000000, 0x0000000097f00000| Untracked 
| 384|0x0000000098000000, 0x0000000098100000, 0x0000000098100000|100%| O|  |TAMS 0x0000000098100000, 0x0000000098000000| Untracked 
| 385|0x0000000098100000, 0x0000000098200000, 0x0000000098200000|100%| O|  |TAMS 0x0000000098200000, 0x0000000098100000| Untracked 
| 386|0x0000000098200000, 0x0000000098300000, 0x0000000098300000|100%| O|  |TAMS 0x0000000098300000, 0x0000000098200000| Untracked 
| 387|0x0000000098300000, 0x0000000098400000, 0x0000000098400000|100%| O|  |TAMS 0x0000000098400000, 0x0000000098300000| Untracked 
| 388|0x0000000098400000, 0x0000000098500000, 0x0000000098500000|100%| O|  |TAMS 0x0000000098500000, 0x0000000098400000| Untracked 
| 389|0x0000000098500000, 0x0000000098500000, 0x0000000098600000|  0%| F|  |TAMS 0x0000000098500000, 0x0000000098500000| Untracked 
| 390|0x0000000098600000, 0x0000000098700000, 0x0000000098700000|100%| O|  |TAMS 0x0000000098700000, 0x0000000098600000| Untracked 
| 391|0x0000000098700000, 0x0000000098800000, 0x0000000098800000|100%| O|  |TAMS 0x0000000098800000, 0x0000000098700000| Untracked 
| 392|0x0000000098800000, 0x0000000098900000, 0x0000000098900000|100%| O|  |TAMS 0x0000000098900000, 0x0000000098800000| Untracked 
| 393|0x0000000098900000, 0x0000000098a00000, 0x0000000098a00000|100%| O|  |TAMS 0x0000000098a00000, 0x0000000098900000| Untracked 
| 394|0x0000000098a00000, 0x0000000098b00000, 0x0000000098b00000|100%| O|  |TAMS 0x0000000098b00000, 0x0000000098a00000| Untracked 
| 395|0x0000000098b00000, 0x0000000098c00000, 0x0000000098c00000|100%| O|  |TAMS 0x0000000098c00000, 0x0000000098b00000| Untracked 
| 396|0x0000000098c00000, 0x0000000098d00000, 0x0000000098d00000|100%| O|  |TAMS 0x0000000098d00000, 0x0000000098c00000| Untracked 
| 397|0x0000000098d00000, 0x0000000098e00000, 0x0000000098e00000|100%| O|  |TAMS 0x0000000098e00000, 0x0000000098d00000| Untracked 
| 398|0x0000000098e00000, 0x0000000098f00000, 0x0000000098f00000|100%| O|  |TAMS 0x0000000098f00000, 0x0000000098e00000| Untracked 
| 399|0x0000000098f00000, 0x0000000099000000, 0x0000000099000000|100%| O|  |TAMS 0x0000000099000000, 0x0000000098f00000| Untracked 
| 400|0x0000000099000000, 0x0000000099100000, 0x0000000099100000|100%| O|  |TAMS 0x0000000099100000, 0x0000000099000000| Untracked 
| 401|0x0000000099100000, 0x0000000099200000, 0x0000000099200000|100%| O|  |TAMS 0x0000000099200000, 0x0000000099100000| Untracked 
| 402|0x0000000099200000, 0x0000000099200000, 0x0000000099300000|  0%| F|  |TAMS 0x0000000099200000, 0x0000000099200000| Untracked 
| 403|0x0000000099300000, 0x0000000099400000, 0x0000000099400000|100%| O|  |TAMS 0x0000000099400000, 0x0000000099300000| Untracked 
| 404|0x0000000099400000, 0x0000000099500000, 0x0000000099500000|100%| O|  |TAMS 0x0000000099500000, 0x0000000099400000| Untracked 
| 405|0x0000000099500000, 0x0000000099600000, 0x0000000099600000|100%| O|  |TAMS 0x0000000099600000, 0x0000000099500000| Untracked 
| 406|0x0000000099600000, 0x0000000099700000, 0x0000000099700000|100%| O|  |TAMS 0x0000000099700000, 0x0000000099600000| Untracked 
| 407|0x0000000099700000, 0x0000000099800000, 0x0000000099800000|100%| O|  |TAMS 0x0000000099800000, 0x0000000099700000| Untracked 
| 408|0x0000000099800000, 0x0000000099900000, 0x0000000099900000|100%| O|  |TAMS 0x0000000099900000, 0x0000000099800000| Untracked 
| 409|0x0000000099900000, 0x0000000099a00000, 0x0000000099a00000|100%| O|  |TAMS 0x0000000099a00000, 0x0000000099900000| Untracked 
| 410|0x0000000099a00000, 0x0000000099b00000, 0x0000000099b00000|100%| O|  |TAMS 0x0000000099b00000, 0x0000000099a00000| Untracked 
| 411|0x0000000099b00000, 0x0000000099c00000, 0x0000000099c00000|100%| O|  |TAMS 0x0000000099c00000, 0x0000000099b00000| Untracked 
| 412|0x0000000099c00000, 0x0000000099c00000, 0x0000000099d00000|  0%| F|  |TAMS 0x0000000099c00000, 0x0000000099c00000| Untracked 
| 413|0x0000000099d00000, 0x0000000099e00000, 0x0000000099e00000|100%| O|  |TAMS 0x0000000099e00000, 0x0000000099d00000| Untracked 
| 414|0x0000000099e00000, 0x0000000099f00000, 0x0000000099f00000|100%| O|  |TAMS 0x0000000099f00000, 0x0000000099e00000| Untracked 
| 415|0x0000000099f00000, 0x000000009a000000, 0x000000009a000000|100%| O|  |TAMS 0x000000009a000000, 0x0000000099f00000| Untracked 
| 416|0x000000009a000000, 0x000000009a100000, 0x000000009a100000|100%| O|  |TAMS 0x000000009a100000, 0x000000009a000000| Untracked 
| 417|0x000000009a100000, 0x000000009a100000, 0x000000009a200000|  0%| F|  |TAMS 0x000000009a100000, 0x000000009a100000| Untracked 
| 418|0x000000009a200000, 0x000000009a200000, 0x000000009a300000|  0%| F|  |TAMS 0x000000009a200000, 0x000000009a200000| Untracked 
| 419|0x000000009a300000, 0x000000009a400000, 0x000000009a400000|100%| O|  |TAMS 0x000000009a400000, 0x000000009a300000| Untracked 
| 420|0x000000009a400000, 0x000000009a500000, 0x000000009a500000|100%| O|  |TAMS 0x000000009a500000, 0x000000009a400000| Untracked 
| 421|0x000000009a500000, 0x000000009a600000, 0x000000009a600000|100%| O|  |TAMS 0x000000009a600000, 0x000000009a500000| Untracked 
| 422|0x000000009a600000, 0x000000009a700000, 0x000000009a700000|100%| O|  |TAMS 0x000000009a700000, 0x000000009a600000| Untracked 
| 423|0x000000009a700000, 0x000000009a800000, 0x000000009a800000|100%| O|  |TAMS 0x000000009a800000, 0x000000009a700000| Untracked 
| 424|0x000000009a800000, 0x000000009a900000, 0x000000009a900000|100%| O|  |TAMS 0x000000009a900000, 0x000000009a800000| Untracked 
| 425|0x000000009a900000, 0x000000009aa00000, 0x000000009aa00000|100%| O|  |TAMS 0x000000009aa00000, 0x000000009a900000| Untracked 
| 426|0x000000009aa00000, 0x000000009ab00000, 0x000000009ab00000|100%| O|  |TAMS 0x000000009ab00000, 0x000000009aa00000| Untracked 
| 427|0x000000009ab00000, 0x000000009ac00000, 0x000000009ac00000|100%| O|  |TAMS 0x000000009ac00000, 0x000000009ab00000| Untracked 
| 428|0x000000009ac00000, 0x000000009ad00000, 0x000000009ad00000|100%| O|  |TAMS 0x000000009ad00000, 0x000000009ac00000| Untracked 
| 429|0x000000009ad00000, 0x000000009ae00000, 0x000000009ae00000|100%| O|  |TAMS 0x000000009ae00000, 0x000000009ad00000| Untracked 
| 430|0x000000009ae00000, 0x000000009af00000, 0x000000009af00000|100%| O|  |TAMS 0x000000009af00000, 0x000000009ae00000| Untracked 
| 431|0x000000009af00000, 0x000000009b000000, 0x000000009b000000|100%| O|  |TAMS 0x000000009afa7800, 0x000000009af00000| Untracked 
| 432|0x000000009b000000, 0x000000009b100000, 0x000000009b100000|100%| O|  |TAMS 0x000000009b000000, 0x000000009b000000| Untracked 
| 433|0x000000009b100000, 0x000000009b200000, 0x000000009b200000|100%| O|  |TAMS 0x000000009b100000, 0x000000009b100000| Untracked 
| 434|0x000000009b200000, 0x000000009b300000, 0x000000009b300000|100%| O|  |TAMS 0x000000009b200000, 0x000000009b200000| Untracked 
| 435|0x000000009b300000, 0x000000009b400000, 0x000000009b400000|100%| O|  |TAMS 0x000000009b300000, 0x000000009b300000| Untracked 
| 436|0x000000009b400000, 0x000000009b500000, 0x000000009b500000|100%| O|  |TAMS 0x000000009b400000, 0x000000009b400000| Untracked 
| 437|0x000000009b500000, 0x000000009b600000, 0x000000009b600000|100%| O|  |TAMS 0x000000009b500000, 0x000000009b500000| Untracked 
| 438|0x000000009b600000, 0x000000009b700000, 0x000000009b700000|100%| O|  |TAMS 0x000000009b600000, 0x000000009b600000| Untracked 
| 439|0x000000009b700000, 0x000000009b800000, 0x000000009b800000|100%| O|  |TAMS 0x000000009b700000, 0x000000009b700000| Untracked 
| 440|0x000000009b800000, 0x000000009b900000, 0x000000009b900000|100%| O|  |TAMS 0x000000009b800000, 0x000000009b800000| Untracked 
| 441|0x000000009b900000, 0x000000009ba00000, 0x000000009ba00000|100%| O|  |TAMS 0x000000009b900000, 0x000000009b900000| Untracked 
| 442|0x000000009ba00000, 0x000000009bb00000, 0x000000009bb00000|100%| O|  |TAMS 0x000000009ba00000, 0x000000009ba00000| Untracked 
| 443|0x000000009bb00000, 0x000000009bc00000, 0x000000009bc00000|100%| O|  |TAMS 0x000000009bb00000, 0x000000009bb00000| Untracked 
| 444|0x000000009bc00000, 0x000000009bd00000, 0x000000009bd00000|100%| O|  |TAMS 0x000000009bc00000, 0x000000009bc00000| Untracked 
| 445|0x000000009bd00000, 0x000000009be00000, 0x000000009be00000|100%| O|  |TAMS 0x000000009bd00000, 0x000000009bd00000| Untracked 
| 446|0x000000009be00000, 0x000000009bf00000, 0x000000009bf00000|100%| O|  |TAMS 0x000000009be00000, 0x000000009be00000| Untracked 
| 447|0x000000009bf00000, 0x000000009c000000, 0x000000009c000000|100%| O|  |TAMS 0x000000009bf00000, 0x000000009bf00000| Untracked 
| 448|0x000000009c000000, 0x000000009c100000, 0x000000009c100000|100%| O|  |TAMS 0x000000009c000000, 0x000000009c000000| Untracked 
| 449|0x000000009c100000, 0x000000009c200000, 0x000000009c200000|100%| O|  |TAMS 0x000000009c100000, 0x000000009c100000| Untracked 
| 450|0x000000009c200000, 0x000000009c300000, 0x000000009c300000|100%| O|  |TAMS 0x000000009c200000, 0x000000009c200000| Untracked 
| 451|0x000000009c300000, 0x000000009c400000, 0x000000009c400000|100%| O|  |TAMS 0x000000009c300000, 0x000000009c300000| Untracked 
| 452|0x000000009c400000, 0x000000009c500000, 0x000000009c500000|100%| O|  |TAMS 0x000000009c400000, 0x000000009c400000| Untracked 
| 453|0x000000009c500000, 0x000000009c600000, 0x000000009c600000|100%| O|  |TAMS 0x000000009c500000, 0x000000009c500000| Untracked 
| 454|0x000000009c600000, 0x000000009c700000, 0x000000009c700000|100%| O|  |TAMS 0x000000009c600000, 0x000000009c600000| Untracked 
| 455|0x000000009c700000, 0x000000009c800000, 0x000000009c800000|100%| O|  |TAMS 0x000000009c700000, 0x000000009c700000| Untracked 
| 456|0x000000009c800000, 0x000000009c900000, 0x000000009c900000|100%| O|  |TAMS 0x000000009c800000, 0x000000009c800000| Untracked 
| 457|0x000000009c900000, 0x000000009ca00000, 0x000000009ca00000|100%| O|  |TAMS 0x000000009c900000, 0x000000009c900000| Untracked 
| 458|0x000000009ca00000, 0x000000009cb00000, 0x000000009cb00000|100%| O|  |TAMS 0x000000009ca00000, 0x000000009ca00000| Untracked 
| 459|0x000000009cb00000, 0x000000009cc00000, 0x000000009cc00000|100%| O|  |TAMS 0x000000009cb00000, 0x000000009cb00000| Untracked 
| 460|0x000000009cc00000, 0x000000009cd00000, 0x000000009cd00000|100%| O|  |TAMS 0x000000009cc00000, 0x000000009cc00000| Untracked 
| 461|0x000000009cd00000, 0x000000009ce00000, 0x000000009ce00000|100%| O|  |TAMS 0x000000009cd00000, 0x000000009cd00000| Untracked 
| 462|0x000000009ce00000, 0x000000009cf00000, 0x000000009cf00000|100%| O|  |TAMS 0x000000009ce00000, 0x000000009ce00000| Untracked 
| 463|0x000000009cf00000, 0x000000009d000000, 0x000000009d000000|100%| O|  |TAMS 0x000000009cf00000, 0x000000009cf00000| Untracked 
| 464|0x000000009d000000, 0x000000009d100000, 0x000000009d100000|100%| O|  |TAMS 0x000000009d000000, 0x000000009d000000| Untracked 
| 465|0x000000009d100000, 0x000000009d200000, 0x000000009d200000|100%| O|  |TAMS 0x000000009d100000, 0x000000009d100000| Untracked 
| 466|0x000000009d200000, 0x000000009d300000, 0x000000009d300000|100%| O|  |TAMS 0x000000009d200000, 0x000000009d200000| Untracked 
| 467|0x000000009d300000, 0x000000009d400000, 0x000000009d400000|100%| O|  |TAMS 0x000000009d300000, 0x000000009d300000| Untracked 
| 468|0x000000009d400000, 0x000000009d500000, 0x000000009d500000|100%| O|  |TAMS 0x000000009d400000, 0x000000009d400000| Untracked 
| 469|0x000000009d500000, 0x000000009d600000, 0x000000009d600000|100%| O|  |TAMS 0x000000009d500000, 0x000000009d500000| Untracked 
| 470|0x000000009d600000, 0x000000009d700000, 0x000000009d700000|100%| O|  |TAMS 0x000000009d600000, 0x000000009d600000| Untracked 
| 471|0x000000009d700000, 0x000000009d800000, 0x000000009d800000|100%| O|  |TAMS 0x000000009d700000, 0x000000009d700000| Untracked 
| 472|0x000000009d800000, 0x000000009d900000, 0x000000009d900000|100%| O|  |TAMS 0x000000009d800000, 0x000000009d800000| Untracked 
| 473|0x000000009d900000, 0x000000009da00000, 0x000000009da00000|100%| O|  |TAMS 0x000000009d900000, 0x000000009d900000| Untracked 
| 474|0x000000009da00000, 0x000000009db00000, 0x000000009db00000|100%| O|  |TAMS 0x000000009da00000, 0x000000009da00000| Untracked 
| 475|0x000000009db00000, 0x000000009dc00000, 0x000000009dc00000|100%| O|  |TAMS 0x000000009db00000, 0x000000009db00000| Untracked 
| 476|0x000000009dc00000, 0x000000009dd00000, 0x000000009dd00000|100%| O|  |TAMS 0x000000009dc00000, 0x000000009dc00000| Untracked 
| 477|0x000000009dd00000, 0x000000009de00000, 0x000000009de00000|100%| O|  |TAMS 0x000000009dd00000, 0x000000009dd00000| Untracked 
| 478|0x000000009de00000, 0x000000009de00000, 0x000000009df00000|  0%| F|  |TAMS 0x000000009de00000, 0x000000009de00000| Untracked 
| 479|0x000000009df00000, 0x000000009df00000, 0x000000009e000000|  0%| F|  |TAMS 0x000000009df00000, 0x000000009df00000| Untracked 
| 480|0x000000009e000000, 0x000000009e000000, 0x000000009e100000|  0%| F|  |TAMS 0x000000009e000000, 0x000000009e000000| Untracked 
| 481|0x000000009e100000, 0x000000009e100000, 0x000000009e200000|  0%| F|  |TAMS 0x000000009e100000, 0x000000009e100000| Untracked 
| 482|0x000000009e200000, 0x000000009e200000, 0x000000009e300000|  0%| F|  |TAMS 0x000000009e200000, 0x000000009e200000| Untracked 
| 483|0x000000009e300000, 0x000000009e300000, 0x000000009e400000|  0%| F|  |TAMS 0x000000009e300000, 0x000000009e300000| Untracked 
| 484|0x000000009e400000, 0x000000009e400000, 0x000000009e500000|  0%| F|  |TAMS 0x000000009e400000, 0x000000009e400000| Untracked 
| 485|0x000000009e500000, 0x000000009e500000, 0x000000009e600000|  0%| F|  |TAMS 0x000000009e500000, 0x000000009e500000| Untracked 
| 486|0x000000009e600000, 0x000000009e600000, 0x000000009e700000|  0%| F|  |TAMS 0x000000009e600000, 0x000000009e600000| Untracked 
| 487|0x000000009e700000, 0x000000009e700000, 0x000000009e800000|  0%| F|  |TAMS 0x000000009e700000, 0x000000009e700000| Untracked 
| 488|0x000000009e800000, 0x000000009e800000, 0x000000009e900000|  0%| F|  |TAMS 0x000000009e800000, 0x000000009e800000| Untracked 
| 489|0x000000009e900000, 0x000000009e900000, 0x000000009ea00000|  0%| F|  |TAMS 0x000000009e900000, 0x000000009e900000| Untracked 
| 490|0x000000009ea00000, 0x000000009ea00000, 0x000000009eb00000|  0%| F|  |TAMS 0x000000009ea00000, 0x000000009ea00000| Untracked 
| 491|0x000000009eb00000, 0x000000009eb00000, 0x000000009ec00000|  0%| F|  |TAMS 0x000000009eb00000, 0x000000009eb00000| Untracked 
| 492|0x000000009ec00000, 0x000000009ec00000, 0x000000009ed00000|  0%| F|  |TAMS 0x000000009ec00000, 0x000000009ec00000| Untracked 
| 493|0x000000009ed00000, 0x000000009ed00000, 0x000000009ee00000|  0%| F|  |TAMS 0x000000009ed00000, 0x000000009ed00000| Untracked 
| 494|0x000000009ee00000, 0x000000009ee00000, 0x000000009ef00000|  0%| F|  |TAMS 0x000000009ee00000, 0x000000009ee00000| Untracked 
| 495|0x000000009ef00000, 0x000000009ef00000, 0x000000009f000000|  0%| F|  |TAMS 0x000000009ef00000, 0x000000009ef00000| Untracked 
| 496|0x000000009f000000, 0x000000009f000000, 0x000000009f100000|  0%| F|  |TAMS 0x000000009f000000, 0x000000009f000000| Untracked 
| 497|0x000000009f100000, 0x000000009f100000, 0x000000009f200000|  0%| F|  |TAMS 0x000000009f100000, 0x000000009f100000| Untracked 
| 498|0x000000009f200000, 0x000000009f200000, 0x000000009f300000|  0%| F|  |TAMS 0x000000009f200000, 0x000000009f200000| Untracked 
| 499|0x000000009f300000, 0x000000009f300000, 0x000000009f400000|  0%| F|  |TAMS 0x000000009f300000, 0x000000009f300000| Untracked 
| 500|0x000000009f400000, 0x000000009f400000, 0x000000009f500000|  0%| F|  |TAMS 0x000000009f400000, 0x000000009f400000| Untracked 
| 501|0x000000009f500000, 0x000000009f500000, 0x000000009f600000|  0%| F|  |TAMS 0x000000009f500000, 0x000000009f500000| Untracked 
| 502|0x000000009f600000, 0x000000009f600000, 0x000000009f700000|  0%| F|  |TAMS 0x000000009f600000, 0x000000009f600000| Untracked 
| 503|0x000000009f700000, 0x000000009f700000, 0x000000009f800000|  0%| F|  |TAMS 0x000000009f700000, 0x000000009f700000| Untracked 
| 504|0x000000009f800000, 0x000000009f800000, 0x000000009f900000|  0%| F|  |TAMS 0x000000009f800000, 0x000000009f800000| Untracked 
| 505|0x000000009f900000, 0x000000009f900000, 0x000000009fa00000|  0%| F|  |TAMS 0x000000009f900000, 0x000000009f900000| Untracked 
| 506|0x000000009fa00000, 0x000000009fa00000, 0x000000009fb00000|  0%| F|  |TAMS 0x000000009fa00000, 0x000000009fa00000| Untracked 
| 507|0x000000009fb00000, 0x000000009fb00000, 0x000000009fc00000|  0%| F|  |TAMS 0x000000009fb00000, 0x000000009fb00000| Untracked 
| 508|0x000000009fc00000, 0x000000009fc00000, 0x000000009fd00000|  0%| F|  |TAMS 0x000000009fc00000, 0x000000009fc00000| Untracked 
| 509|0x000000009fd00000, 0x000000009fd00000, 0x000000009fe00000|  0%| F|  |TAMS 0x000000009fd00000, 0x000000009fd00000| Untracked 
| 510|0x000000009fe00000, 0x000000009fe00000, 0x000000009ff00000|  0%| F|  |TAMS 0x000000009fe00000, 0x000000009fe00000| Untracked 
| 511|0x000000009ff00000, 0x000000009ff00000, 0x00000000a0000000|  0%| F|  |TAMS 0x000000009ff00000, 0x000000009ff00000| Untracked 
| 512|0x00000000a0000000, 0x00000000a0000000, 0x00000000a0100000|  0%| F|  |TAMS 0x00000000a0000000, 0x00000000a0000000| Untracked 
| 513|0x00000000a0100000, 0x00000000a0100000, 0x00000000a0200000|  0%| F|  |TAMS 0x00000000a0100000, 0x00000000a0100000| Untracked 
| 514|0x00000000a0200000, 0x00000000a0200000, 0x00000000a0300000|  0%| F|  |TAMS 0x00000000a0200000, 0x00000000a0200000| Untracked 
| 515|0x00000000a0300000, 0x00000000a0300000, 0x00000000a0400000|  0%| F|  |TAMS 0x00000000a0300000, 0x00000000a0300000| Untracked 
| 516|0x00000000a0400000, 0x00000000a0400000, 0x00000000a0500000|  0%| F|  |TAMS 0x00000000a0400000, 0x00000000a0400000| Untracked 
| 517|0x00000000a0500000, 0x00000000a0500000, 0x00000000a0600000|  0%| F|  |TAMS 0x00000000a0500000, 0x00000000a0500000| Untracked 
| 518|0x00000000a0600000, 0x00000000a0600000, 0x00000000a0700000|  0%| F|  |TAMS 0x00000000a0600000, 0x00000000a0600000| Untracked 
| 519|0x00000000a0700000, 0x00000000a0700000, 0x00000000a0800000|  0%| F|  |TAMS 0x00000000a0700000, 0x00000000a0700000| Untracked 
| 520|0x00000000a0800000, 0x00000000a0800000, 0x00000000a0900000|  0%| F|  |TAMS 0x00000000a0800000, 0x00000000a0800000| Untracked 
| 521|0x00000000a0900000, 0x00000000a0900000, 0x00000000a0a00000|  0%| F|  |TAMS 0x00000000a0900000, 0x00000000a0900000| Untracked 
| 522|0x00000000a0a00000, 0x00000000a0a00000, 0x00000000a0b00000|  0%| F|  |TAMS 0x00000000a0a00000, 0x00000000a0a00000| Untracked 
| 523|0x00000000a0b00000, 0x00000000a0b00000, 0x00000000a0c00000|  0%| F|  |TAMS 0x00000000a0b00000, 0x00000000a0b00000| Untracked 
| 524|0x00000000a0c00000, 0x00000000a0c00000, 0x00000000a0d00000|  0%| F|  |TAMS 0x00000000a0c00000, 0x00000000a0c00000| Untracked 
| 525|0x00000000a0d00000, 0x00000000a0d00000, 0x00000000a0e00000|  0%| F|  |TAMS 0x00000000a0d00000, 0x00000000a0d00000| Untracked 
| 526|0x00000000a0e00000, 0x00000000a0e00000, 0x00000000a0f00000|  0%| F|  |TAMS 0x00000000a0e00000, 0x00000000a0e00000| Untracked 
| 527|0x00000000a0f00000, 0x00000000a0f00000, 0x00000000a1000000|  0%| F|  |TAMS 0x00000000a0f00000, 0x00000000a0f00000| Untracked 
| 528|0x00000000a1000000, 0x00000000a1000000, 0x00000000a1100000|  0%| F|  |TAMS 0x00000000a1000000, 0x00000000a1000000| Untracked 
| 529|0x00000000a1100000, 0x00000000a1100000, 0x00000000a1200000|  0%| F|  |TAMS 0x00000000a1100000, 0x00000000a1100000| Untracked 
| 530|0x00000000a1200000, 0x00000000a1200000, 0x00000000a1300000|  0%| F|  |TAMS 0x00000000a1200000, 0x00000000a1200000| Untracked 
| 531|0x00000000a1300000, 0x00000000a1300000, 0x00000000a1400000|  0%| F|  |TAMS 0x00000000a1300000, 0x00000000a1300000| Untracked 
| 532|0x00000000a1400000, 0x00000000a1400000, 0x00000000a1500000|  0%| F|  |TAMS 0x00000000a1400000, 0x00000000a1400000| Untracked 
| 533|0x00000000a1500000, 0x00000000a1500000, 0x00000000a1600000|  0%| F|  |TAMS 0x00000000a1500000, 0x00000000a1500000| Untracked 
| 534|0x00000000a1600000, 0x00000000a1600000, 0x00000000a1700000|  0%| F|  |TAMS 0x00000000a1600000, 0x00000000a1600000| Untracked 
| 535|0x00000000a1700000, 0x00000000a1700000, 0x00000000a1800000|  0%| F|  |TAMS 0x00000000a1700000, 0x00000000a1700000| Untracked 
| 536|0x00000000a1800000, 0x00000000a1800000, 0x00000000a1900000|  0%| F|  |TAMS 0x00000000a1800000, 0x00000000a1800000| Untracked 
| 537|0x00000000a1900000, 0x00000000a1900000, 0x00000000a1a00000|  0%| F|  |TAMS 0x00000000a1900000, 0x00000000a1900000| Untracked 
| 538|0x00000000a1a00000, 0x00000000a1a00000, 0x00000000a1b00000|  0%| F|  |TAMS 0x00000000a1a00000, 0x00000000a1a00000| Untracked 
| 539|0x00000000a1b00000, 0x00000000a1b00000, 0x00000000a1c00000|  0%| F|  |TAMS 0x00000000a1b00000, 0x00000000a1b00000| Untracked 
| 540|0x00000000a1c00000, 0x00000000a1ca8e00, 0x00000000a1d00000| 65%| S|CS|TAMS 0x00000000a1c00000, 0x00000000a1c00000| Complete 
| 541|0x00000000a1d00000, 0x00000000a1e00000, 0x00000000a1e00000|100%| S|CS|TAMS 0x00000000a1d00000, 0x00000000a1d00000| Complete 
| 542|0x00000000a1e00000, 0x00000000a1f00000, 0x00000000a1f00000|100%| S|CS|TAMS 0x00000000a1e00000, 0x00000000a1e00000| Complete 
| 543|0x00000000a1f00000, 0x00000000a1f00000, 0x00000000a2000000|  0%| F|  |TAMS 0x00000000a1f00000, 0x00000000a1f00000| Untracked 
| 544|0x00000000a2000000, 0x00000000a2000000, 0x00000000a2100000|  0%| F|  |TAMS 0x00000000a2000000, 0x00000000a2000000| Untracked 
| 545|0x00000000a2100000, 0x00000000a2100000, 0x00000000a2200000|  0%| F|  |TAMS 0x00000000a2100000, 0x00000000a2100000| Untracked 
| 546|0x00000000a2200000, 0x00000000a2200000, 0x00000000a2300000|  0%| F|  |TAMS 0x00000000a2200000, 0x00000000a2200000| Untracked 
| 547|0x00000000a2300000, 0x00000000a2300000, 0x00000000a2400000|  0%| F|  |TAMS 0x00000000a2300000, 0x00000000a2300000| Untracked 
| 548|0x00000000a2400000, 0x00000000a2400000, 0x00000000a2500000|  0%| F|  |TAMS 0x00000000a2400000, 0x00000000a2400000| Untracked 
| 549|0x00000000a2500000, 0x00000000a2500000, 0x00000000a2600000|  0%| F|  |TAMS 0x00000000a2500000, 0x00000000a2500000| Untracked 
| 550|0x00000000a2600000, 0x00000000a2600000, 0x00000000a2700000|  0%| F|  |TAMS 0x00000000a2600000, 0x00000000a2600000| Untracked 
| 551|0x00000000a2700000, 0x00000000a2700000, 0x00000000a2800000|  0%| F|  |TAMS 0x00000000a2700000, 0x00000000a2700000| Untracked 
| 552|0x00000000a2800000, 0x00000000a2900000, 0x00000000a2900000|100%| S|CS|TAMS 0x00000000a2800000, 0x00000000a2800000| Complete 
| 553|0x00000000a2900000, 0x00000000a2a00000, 0x00000000a2a00000|100%| S|CS|TAMS 0x00000000a2900000, 0x00000000a2900000| Complete 
| 554|0x00000000a2a00000, 0x00000000a2b00000, 0x00000000a2b00000|100%| S|CS|TAMS 0x00000000a2a00000, 0x00000000a2a00000| Complete 
| 555|0x00000000a2b00000, 0x00000000a2c00000, 0x00000000a2c00000|100%| S|CS|TAMS 0x00000000a2b00000, 0x00000000a2b00000| Complete 
| 556|0x00000000a2c00000, 0x00000000a2d00000, 0x00000000a2d00000|100%| S|CS|TAMS 0x00000000a2c00000, 0x00000000a2c00000| Complete 
| 557|0x00000000a2d00000, 0x00000000a2e00000, 0x00000000a2e00000|100%| S|CS|TAMS 0x00000000a2d00000, 0x00000000a2d00000| Complete 
| 558|0x00000000a2e00000, 0x00000000a2f00000, 0x00000000a2f00000|100%| S|CS|TAMS 0x00000000a2e00000, 0x00000000a2e00000| Complete 
| 559|0x00000000a2f00000, 0x00000000a3000000, 0x00000000a3000000|100%| S|CS|TAMS 0x00000000a2f00000, 0x00000000a2f00000| Complete 
| 560|0x00000000a3000000, 0x00000000a3100000, 0x00000000a3100000|100%| S|CS|TAMS 0x00000000a3000000, 0x00000000a3000000| Complete 
| 561|0x00000000a3100000, 0x00000000a3200000, 0x00000000a3200000|100%| S|CS|TAMS 0x00000000a3100000, 0x00000000a3100000| Complete 
| 562|0x00000000a3200000, 0x00000000a3300000, 0x00000000a3300000|100%| S|CS|TAMS 0x00000000a3200000, 0x00000000a3200000| Complete 
| 563|0x00000000a3300000, 0x00000000a3400000, 0x00000000a3400000|100%| S|CS|TAMS 0x00000000a3300000, 0x00000000a3300000| Complete 
| 564|0x00000000a3400000, 0x00000000a3500000, 0x00000000a3500000|100%| S|CS|TAMS 0x00000000a3400000, 0x00000000a3400000| Complete 
| 565|0x00000000a3500000, 0x00000000a3500000, 0x00000000a3600000|  0%| F|  |TAMS 0x00000000a3500000, 0x00000000a3500000| Untracked 
| 566|0x00000000a3600000, 0x00000000a3600000, 0x00000000a3700000|  0%| F|  |TAMS 0x00000000a3600000, 0x00000000a3600000| Untracked 
| 567|0x00000000a3700000, 0x00000000a3700000, 0x00000000a3800000|  0%| F|  |TAMS 0x00000000a3700000, 0x00000000a3700000| Untracked 
| 568|0x00000000a3800000, 0x00000000a3800000, 0x00000000a3900000|  0%| F|  |TAMS 0x00000000a3800000, 0x00000000a3800000| Untracked 
| 569|0x00000000a3900000, 0x00000000a3900000, 0x00000000a3a00000|  0%| F|  |TAMS 0x00000000a3900000, 0x00000000a3900000| Untracked 
| 570|0x00000000a3a00000, 0x00000000a3a00000, 0x00000000a3b00000|  0%| F|  |TAMS 0x00000000a3a00000, 0x00000000a3a00000| Untracked 
| 571|0x00000000a3b00000, 0x00000000a3c00000, 0x00000000a3c00000|100%| S|CS|TAMS 0x00000000a3b00000, 0x00000000a3b00000| Complete 
| 572|0x00000000a3c00000, 0x00000000a3c00000, 0x00000000a3d00000|  0%| F|  |TAMS 0x00000000a3c00000, 0x00000000a3c00000| Untracked 
| 573|0x00000000a3d00000, 0x00000000a3d00000, 0x00000000a3e00000|  0%| F|  |TAMS 0x00000000a3d00000, 0x00000000a3d00000| Untracked 
| 574|0x00000000a3e00000, 0x00000000a3e00000, 0x00000000a3f00000|  0%| F|  |TAMS 0x00000000a3e00000, 0x00000000a3e00000| Untracked 
| 575|0x00000000a3f00000, 0x00000000a3f00000, 0x00000000a4000000|  0%| F|  |TAMS 0x00000000a3f00000, 0x00000000a3f00000| Untracked 
| 576|0x00000000a4000000, 0x00000000a4000000, 0x00000000a4100000|  0%| F|  |TAMS 0x00000000a4000000, 0x00000000a4000000| Untracked 
| 577|0x00000000a4100000, 0x00000000a4100000, 0x00000000a4200000|  0%| F|  |TAMS 0x00000000a4100000, 0x00000000a4100000| Untracked 
| 578|0x00000000a4200000, 0x00000000a4200000, 0x00000000a4300000|  0%| F|  |TAMS 0x00000000a4200000, 0x00000000a4200000| Untracked 
| 579|0x00000000a4300000, 0x00000000a4300000, 0x00000000a4400000|  0%| F|  |TAMS 0x00000000a4300000, 0x00000000a4300000| Untracked 
| 580|0x00000000a4400000, 0x00000000a4400000, 0x00000000a4500000|  0%| F|  |TAMS 0x00000000a4400000, 0x00000000a4400000| Untracked 
| 581|0x00000000a4500000, 0x00000000a4500000, 0x00000000a4600000|  0%| F|  |TAMS 0x00000000a4500000, 0x00000000a4500000| Untracked 
| 582|0x00000000a4600000, 0x00000000a4600000, 0x00000000a4700000|  0%| F|  |TAMS 0x00000000a4600000, 0x00000000a4600000| Untracked 
| 583|0x00000000a4700000, 0x00000000a4700000, 0x00000000a4800000|  0%| F|  |TAMS 0x00000000a4700000, 0x00000000a4700000| Untracked 
| 584|0x00000000a4800000, 0x00000000a4800000, 0x00000000a4900000|  0%| F|  |TAMS 0x00000000a4800000, 0x00000000a4800000| Untracked 
| 585|0x00000000a4900000, 0x00000000a4900000, 0x00000000a4a00000|  0%| F|  |TAMS 0x00000000a4900000, 0x00000000a4900000| Untracked 
| 586|0x00000000a4a00000, 0x00000000a4a00000, 0x00000000a4b00000|  0%| F|  |TAMS 0x00000000a4a00000, 0x00000000a4a00000| Untracked 
| 587|0x00000000a4b00000, 0x00000000a4b00000, 0x00000000a4c00000|  0%| F|  |TAMS 0x00000000a4b00000, 0x00000000a4b00000| Untracked 
| 588|0x00000000a4c00000, 0x00000000a4c00000, 0x00000000a4d00000|  0%| F|  |TAMS 0x00000000a4c00000, 0x00000000a4c00000| Untracked 
| 589|0x00000000a4d00000, 0x00000000a4d00000, 0x00000000a4e00000|  0%| F|  |TAMS 0x00000000a4d00000, 0x00000000a4d00000| Untracked 
| 590|0x00000000a4e00000, 0x00000000a4e00000, 0x00000000a4f00000|  0%| F|  |TAMS 0x00000000a4e00000, 0x00000000a4e00000| Untracked 
| 591|0x00000000a4f00000, 0x00000000a4f00000, 0x00000000a5000000|  0%| F|  |TAMS 0x00000000a4f00000, 0x00000000a4f00000| Untracked 
| 592|0x00000000a5000000, 0x00000000a5000000, 0x00000000a5100000|  0%| F|  |TAMS 0x00000000a5000000, 0x00000000a5000000| Untracked 
| 593|0x00000000a5100000, 0x00000000a5100000, 0x00000000a5200000|  0%| F|  |TAMS 0x00000000a5100000, 0x00000000a5100000| Untracked 
| 594|0x00000000a5200000, 0x00000000a5200000, 0x00000000a5300000|  0%| F|  |TAMS 0x00000000a5200000, 0x00000000a5200000| Untracked 
| 595|0x00000000a5300000, 0x00000000a5300000, 0x00000000a5400000|  0%| F|  |TAMS 0x00000000a5300000, 0x00000000a5300000| Untracked 
| 596|0x00000000a5400000, 0x00000000a5400000, 0x00000000a5500000|  0%| F|  |TAMS 0x00000000a5400000, 0x00000000a5400000| Untracked 
| 597|0x00000000a5500000, 0x00000000a5500000, 0x00000000a5600000|  0%| F|  |TAMS 0x00000000a5500000, 0x00000000a5500000| Untracked 
| 598|0x00000000a5600000, 0x00000000a5600000, 0x00000000a5700000|  0%| F|  |TAMS 0x00000000a5600000, 0x00000000a5600000| Untracked 
| 599|0x00000000a5700000, 0x00000000a5700000, 0x00000000a5800000|  0%| F|  |TAMS 0x00000000a5700000, 0x00000000a5700000| Untracked 
| 600|0x00000000a5800000, 0x00000000a5800000, 0x00000000a5900000|  0%| F|  |TAMS 0x00000000a5800000, 0x00000000a5800000| Untracked 
| 601|0x00000000a5900000, 0x00000000a5900000, 0x00000000a5a00000|  0%| F|  |TAMS 0x00000000a5900000, 0x00000000a5900000| Untracked 
| 602|0x00000000a5a00000, 0x00000000a5a00000, 0x00000000a5b00000|  0%| F|  |TAMS 0x00000000a5a00000, 0x00000000a5a00000| Untracked 
| 603|0x00000000a5b00000, 0x00000000a5b00000, 0x00000000a5c00000|  0%| F|  |TAMS 0x00000000a5b00000, 0x00000000a5b00000| Untracked 
| 604|0x00000000a5c00000, 0x00000000a5c00000, 0x00000000a5d00000|  0%| F|  |TAMS 0x00000000a5c00000, 0x00000000a5c00000| Untracked 
| 605|0x00000000a5d00000, 0x00000000a5d00000, 0x00000000a5e00000|  0%| F|  |TAMS 0x00000000a5d00000, 0x00000000a5d00000| Untracked 
| 606|0x00000000a5e00000, 0x00000000a5e00000, 0x00000000a5f00000|  0%| F|  |TAMS 0x00000000a5e00000, 0x00000000a5e00000| Untracked 
| 607|0x00000000a5f00000, 0x00000000a5f00000, 0x00000000a6000000|  0%| F|  |TAMS 0x00000000a5f00000, 0x00000000a5f00000| Untracked 
| 608|0x00000000a6000000, 0x00000000a6000000, 0x00000000a6100000|  0%| F|  |TAMS 0x00000000a6000000, 0x00000000a6000000| Untracked 
| 609|0x00000000a6100000, 0x00000000a6100000, 0x00000000a6200000|  0%| F|  |TAMS 0x00000000a6100000, 0x00000000a6100000| Untracked 
| 610|0x00000000a6200000, 0x00000000a6200000, 0x00000000a6300000|  0%| F|  |TAMS 0x00000000a6200000, 0x00000000a6200000| Untracked 
| 611|0x00000000a6300000, 0x00000000a6300000, 0x00000000a6400000|  0%| F|  |TAMS 0x00000000a6300000, 0x00000000a6300000| Untracked 
| 612|0x00000000a6400000, 0x00000000a6400000, 0x00000000a6500000|  0%| F|  |TAMS 0x00000000a6400000, 0x00000000a6400000| Untracked 
| 613|0x00000000a6500000, 0x00000000a6500000, 0x00000000a6600000|  0%| F|  |TAMS 0x00000000a6500000, 0x00000000a6500000| Untracked 
| 614|0x00000000a6600000, 0x00000000a6600000, 0x00000000a6700000|  0%| F|  |TAMS 0x00000000a6600000, 0x00000000a6600000| Untracked 
| 615|0x00000000a6700000, 0x00000000a6700000, 0x00000000a6800000|  0%| F|  |TAMS 0x00000000a6700000, 0x00000000a6700000| Untracked 
| 616|0x00000000a6800000, 0x00000000a6800000, 0x00000000a6900000|  0%| F|  |TAMS 0x00000000a6800000, 0x00000000a6800000| Untracked 
| 617|0x00000000a6900000, 0x00000000a6900000, 0x00000000a6a00000|  0%| F|  |TAMS 0x00000000a6900000, 0x00000000a6900000| Untracked 
| 618|0x00000000a6a00000, 0x00000000a6a00000, 0x00000000a6b00000|  0%| F|  |TAMS 0x00000000a6a00000, 0x00000000a6a00000| Untracked 
| 619|0x00000000a6b00000, 0x00000000a6b00000, 0x00000000a6c00000|  0%| F|  |TAMS 0x00000000a6b00000, 0x00000000a6b00000| Untracked 
| 620|0x00000000a6c00000, 0x00000000a6c00000, 0x00000000a6d00000|  0%| F|  |TAMS 0x00000000a6c00000, 0x00000000a6c00000| Untracked 
| 621|0x00000000a6d00000, 0x00000000a6d00000, 0x00000000a6e00000|  0%| F|  |TAMS 0x00000000a6d00000, 0x00000000a6d00000| Untracked 
| 622|0x00000000a6e00000, 0x00000000a6e00000, 0x00000000a6f00000|  0%| F|  |TAMS 0x00000000a6e00000, 0x00000000a6e00000| Untracked 
| 623|0x00000000a6f00000, 0x00000000a6f00000, 0x00000000a7000000|  0%| F|  |TAMS 0x00000000a6f00000, 0x00000000a6f00000| Untracked 
| 624|0x00000000a7000000, 0x00000000a7000000, 0x00000000a7100000|  0%| F|  |TAMS 0x00000000a7000000, 0x00000000a7000000| Untracked 
| 625|0x00000000a7100000, 0x00000000a7100000, 0x00000000a7200000|  0%| F|  |TAMS 0x00000000a7100000, 0x00000000a7100000| Untracked 
| 626|0x00000000a7200000, 0x00000000a7200000, 0x00000000a7300000|  0%| F|  |TAMS 0x00000000a7200000, 0x00000000a7200000| Untracked 
| 627|0x00000000a7300000, 0x00000000a7300000, 0x00000000a7400000|  0%| F|  |TAMS 0x00000000a7300000, 0x00000000a7300000| Untracked 
| 628|0x00000000a7400000, 0x00000000a7400000, 0x00000000a7500000|  0%| F|  |TAMS 0x00000000a7400000, 0x00000000a7400000| Untracked 
| 629|0x00000000a7500000, 0x00000000a7500000, 0x00000000a7600000|  0%| F|  |TAMS 0x00000000a7500000, 0x00000000a7500000| Untracked 
| 630|0x00000000a7600000, 0x00000000a7600000, 0x00000000a7700000|  0%| F|  |TAMS 0x00000000a7600000, 0x00000000a7600000| Untracked 
| 631|0x00000000a7700000, 0x00000000a7700000, 0x00000000a7800000|  0%| F|  |TAMS 0x00000000a7700000, 0x00000000a7700000| Untracked 
| 632|0x00000000a7800000, 0x00000000a7800000, 0x00000000a7900000|  0%| F|  |TAMS 0x00000000a7800000, 0x00000000a7800000| Untracked 
| 633|0x00000000a7900000, 0x00000000a7900000, 0x00000000a7a00000|  0%| F|  |TAMS 0x00000000a7900000, 0x00000000a7900000| Untracked 
| 634|0x00000000a7a00000, 0x00000000a7a00000, 0x00000000a7b00000|  0%| F|  |TAMS 0x00000000a7a00000, 0x00000000a7a00000| Untracked 
| 635|0x00000000a7b00000, 0x00000000a7b00000, 0x00000000a7c00000|  0%| F|  |TAMS 0x00000000a7b00000, 0x00000000a7b00000| Untracked 
| 636|0x00000000a7c00000, 0x00000000a7c00000, 0x00000000a7d00000|  0%| F|  |TAMS 0x00000000a7c00000, 0x00000000a7c00000| Untracked 
| 637|0x00000000a7d00000, 0x00000000a7d00000, 0x00000000a7e00000|  0%| F|  |TAMS 0x00000000a7d00000, 0x00000000a7d00000| Untracked 
| 638|0x00000000a7e00000, 0x00000000a7e00000, 0x00000000a7f00000|  0%| F|  |TAMS 0x00000000a7e00000, 0x00000000a7e00000| Untracked 
| 639|0x00000000a7f00000, 0x00000000a7f00000, 0x00000000a8000000|  0%| F|  |TAMS 0x00000000a7f00000, 0x00000000a7f00000| Untracked 
| 640|0x00000000a8000000, 0x00000000a8000000, 0x00000000a8100000|  0%| F|  |TAMS 0x00000000a8000000, 0x00000000a8000000| Untracked 
| 641|0x00000000a8100000, 0x00000000a8100000, 0x00000000a8200000|  0%| F|  |TAMS 0x00000000a8100000, 0x00000000a8100000| Untracked 
| 642|0x00000000a8200000, 0x00000000a8200000, 0x00000000a8300000|  0%| F|  |TAMS 0x00000000a8200000, 0x00000000a8200000| Untracked 
| 643|0x00000000a8300000, 0x00000000a8300000, 0x00000000a8400000|  0%| F|  |TAMS 0x00000000a8300000, 0x00000000a8300000| Untracked 
| 644|0x00000000a8400000, 0x00000000a8400000, 0x00000000a8500000|  0%| F|  |TAMS 0x00000000a8400000, 0x00000000a8400000| Untracked 
| 645|0x00000000a8500000, 0x00000000a8500000, 0x00000000a8600000|  0%| F|  |TAMS 0x00000000a8500000, 0x00000000a8500000| Untracked 
| 646|0x00000000a8600000, 0x00000000a8600000, 0x00000000a8700000|  0%| F|  |TAMS 0x00000000a8600000, 0x00000000a8600000| Untracked 
| 647|0x00000000a8700000, 0x00000000a8700000, 0x00000000a8800000|  0%| F|  |TAMS 0x00000000a8700000, 0x00000000a8700000| Untracked 
| 648|0x00000000a8800000, 0x00000000a8800000, 0x00000000a8900000|  0%| F|  |TAMS 0x00000000a8800000, 0x00000000a8800000| Untracked 
| 649|0x00000000a8900000, 0x00000000a8900000, 0x00000000a8a00000|  0%| F|  |TAMS 0x00000000a8900000, 0x00000000a8900000| Untracked 
| 650|0x00000000a8a00000, 0x00000000a8a00000, 0x00000000a8b00000|  0%| F|  |TAMS 0x00000000a8a00000, 0x00000000a8a00000| Untracked 
| 651|0x00000000a8b00000, 0x00000000a8b00000, 0x00000000a8c00000|  0%| F|  |TAMS 0x00000000a8b00000, 0x00000000a8b00000| Untracked 
| 652|0x00000000a8c00000, 0x00000000a8c00000, 0x00000000a8d00000|  0%| F|  |TAMS 0x00000000a8c00000, 0x00000000a8c00000| Untracked 
| 653|0x00000000a8d00000, 0x00000000a8d00000, 0x00000000a8e00000|  0%| F|  |TAMS 0x00000000a8d00000, 0x00000000a8d00000| Untracked 
| 654|0x00000000a8e00000, 0x00000000a8e00000, 0x00000000a8f00000|  0%| F|  |TAMS 0x00000000a8e00000, 0x00000000a8e00000| Untracked 
| 655|0x00000000a8f00000, 0x00000000a8f00000, 0x00000000a9000000|  0%| F|  |TAMS 0x00000000a8f00000, 0x00000000a8f00000| Untracked 
| 656|0x00000000a9000000, 0x00000000a9000000, 0x00000000a9100000|  0%| F|  |TAMS 0x00000000a9000000, 0x00000000a9000000| Untracked 
| 657|0x00000000a9100000, 0x00000000a9100000, 0x00000000a9200000|  0%| F|  |TAMS 0x00000000a9100000, 0x00000000a9100000| Untracked 
| 658|0x00000000a9200000, 0x00000000a9200000, 0x00000000a9300000|  0%| F|  |TAMS 0x00000000a9200000, 0x00000000a9200000| Untracked 
| 659|0x00000000a9300000, 0x00000000a9300000, 0x00000000a9400000|  0%| F|  |TAMS 0x00000000a9300000, 0x00000000a9300000| Untracked 
| 660|0x00000000a9400000, 0x00000000a9400000, 0x00000000a9500000|  0%| F|  |TAMS 0x00000000a9400000, 0x00000000a9400000| Untracked 
| 661|0x00000000a9500000, 0x00000000a9500000, 0x00000000a9600000|  0%| F|  |TAMS 0x00000000a9500000, 0x00000000a9500000| Untracked 
| 662|0x00000000a9600000, 0x00000000a9600000, 0x00000000a9700000|  0%| F|  |TAMS 0x00000000a9600000, 0x00000000a9600000| Untracked 
| 663|0x00000000a9700000, 0x00000000a9700000, 0x00000000a9800000|  0%| F|  |TAMS 0x00000000a9700000, 0x00000000a9700000| Untracked 
| 664|0x00000000a9800000, 0x00000000a9800000, 0x00000000a9900000|  0%| F|  |TAMS 0x00000000a9800000, 0x00000000a9800000| Untracked 
| 665|0x00000000a9900000, 0x00000000a9900000, 0x00000000a9a00000|  0%| F|  |TAMS 0x00000000a9900000, 0x00000000a9900000| Untracked 
| 666|0x00000000a9a00000, 0x00000000a9a00000, 0x00000000a9b00000|  0%| F|  |TAMS 0x00000000a9a00000, 0x00000000a9a00000| Untracked 
| 667|0x00000000a9b00000, 0x00000000a9b00000, 0x00000000a9c00000|  0%| F|  |TAMS 0x00000000a9b00000, 0x00000000a9b00000| Untracked 
| 668|0x00000000a9c00000, 0x00000000a9c00000, 0x00000000a9d00000|  0%| F|  |TAMS 0x00000000a9c00000, 0x00000000a9c00000| Untracked 
| 669|0x00000000a9d00000, 0x00000000a9d00000, 0x00000000a9e00000|  0%| F|  |TAMS 0x00000000a9d00000, 0x00000000a9d00000| Untracked 
| 670|0x00000000a9e00000, 0x00000000a9e00000, 0x00000000a9f00000|  0%| F|  |TAMS 0x00000000a9e00000, 0x00000000a9e00000| Untracked 
| 671|0x00000000a9f00000, 0x00000000a9f00000, 0x00000000aa000000|  0%| F|  |TAMS 0x00000000a9f00000, 0x00000000a9f00000| Untracked 
| 672|0x00000000aa000000, 0x00000000aa000000, 0x00000000aa100000|  0%| F|  |TAMS 0x00000000aa000000, 0x00000000aa000000| Untracked 
| 673|0x00000000aa100000, 0x00000000aa100000, 0x00000000aa200000|  0%| F|  |TAMS 0x00000000aa100000, 0x00000000aa100000| Untracked 
| 674|0x00000000aa200000, 0x00000000aa200000, 0x00000000aa300000|  0%| F|  |TAMS 0x00000000aa200000, 0x00000000aa200000| Untracked 
| 675|0x00000000aa300000, 0x00000000aa300000, 0x00000000aa400000|  0%| F|  |TAMS 0x00000000aa300000, 0x00000000aa300000| Untracked 
| 676|0x00000000aa400000, 0x00000000aa400000, 0x00000000aa500000|  0%| F|  |TAMS 0x00000000aa400000, 0x00000000aa400000| Untracked 
| 677|0x00000000aa500000, 0x00000000aa500000, 0x00000000aa600000|  0%| F|  |TAMS 0x00000000aa500000, 0x00000000aa500000| Untracked 
| 678|0x00000000aa600000, 0x00000000aa600000, 0x00000000aa700000|  0%| F|  |TAMS 0x00000000aa600000, 0x00000000aa600000| Untracked 
| 679|0x00000000aa700000, 0x00000000aa700000, 0x00000000aa800000|  0%| F|  |TAMS 0x00000000aa700000, 0x00000000aa700000| Untracked 
| 680|0x00000000aa800000, 0x00000000aa800000, 0x00000000aa900000|  0%| F|  |TAMS 0x00000000aa800000, 0x00000000aa800000| Untracked 
| 681|0x00000000aa900000, 0x00000000aa900000, 0x00000000aaa00000|  0%| F|  |TAMS 0x00000000aa900000, 0x00000000aa900000| Untracked 
| 682|0x00000000aaa00000, 0x00000000aaa00000, 0x00000000aab00000|  0%| F|  |TAMS 0x00000000aaa00000, 0x00000000aaa00000| Untracked 
| 683|0x00000000aab00000, 0x00000000aab00000, 0x00000000aac00000|  0%| F|  |TAMS 0x00000000aab00000, 0x00000000aab00000| Untracked 
| 684|0x00000000aac00000, 0x00000000aac00000, 0x00000000aad00000|  0%| F|  |TAMS 0x00000000aac00000, 0x00000000aac00000| Untracked 
| 685|0x00000000aad00000, 0x00000000aad00000, 0x00000000aae00000|  0%| F|  |TAMS 0x00000000aad00000, 0x00000000aad00000| Untracked 
| 686|0x00000000aae00000, 0x00000000aae00000, 0x00000000aaf00000|  0%| F|  |TAMS 0x00000000aae00000, 0x00000000aae00000| Untracked 
| 687|0x00000000aaf00000, 0x00000000aaf00000, 0x00000000ab000000|  0%| F|  |TAMS 0x00000000aaf00000, 0x00000000aaf00000| Untracked 
| 688|0x00000000ab000000, 0x00000000ab000000, 0x00000000ab100000|  0%| F|  |TAMS 0x00000000ab000000, 0x00000000ab000000| Untracked 
| 689|0x00000000ab100000, 0x00000000ab100000, 0x00000000ab200000|  0%| F|  |TAMS 0x00000000ab100000, 0x00000000ab100000| Untracked 
| 690|0x00000000ab200000, 0x00000000ab200000, 0x00000000ab300000|  0%| F|  |TAMS 0x00000000ab200000, 0x00000000ab200000| Untracked 
| 691|0x00000000ab300000, 0x00000000ab300000, 0x00000000ab400000|  0%| F|  |TAMS 0x00000000ab300000, 0x00000000ab300000| Untracked 
| 692|0x00000000ab400000, 0x00000000ab400000, 0x00000000ab500000|  0%| F|  |TAMS 0x00000000ab400000, 0x00000000ab400000| Untracked 
| 693|0x00000000ab500000, 0x00000000ab500000, 0x00000000ab600000|  0%| F|  |TAMS 0x00000000ab500000, 0x00000000ab500000| Untracked 
| 694|0x00000000ab600000, 0x00000000ab600000, 0x00000000ab700000|  0%| F|  |TAMS 0x00000000ab600000, 0x00000000ab600000| Untracked 
| 695|0x00000000ab700000, 0x00000000ab700000, 0x00000000ab800000|  0%| F|  |TAMS 0x00000000ab700000, 0x00000000ab700000| Untracked 
| 696|0x00000000ab800000, 0x00000000ab800000, 0x00000000ab900000|  0%| F|  |TAMS 0x00000000ab800000, 0x00000000ab800000| Untracked 
| 697|0x00000000ab900000, 0x00000000ab900000, 0x00000000aba00000|  0%| F|  |TAMS 0x00000000ab900000, 0x00000000ab900000| Untracked 
| 698|0x00000000aba00000, 0x00000000aba00000, 0x00000000abb00000|  0%| F|  |TAMS 0x00000000aba00000, 0x00000000aba00000| Untracked 
| 699|0x00000000abb00000, 0x00000000abb00000, 0x00000000abc00000|  0%| F|  |TAMS 0x00000000abb00000, 0x00000000abb00000| Untracked 
| 700|0x00000000abc00000, 0x00000000abc00000, 0x00000000abd00000|  0%| F|  |TAMS 0x00000000abc00000, 0x00000000abc00000| Untracked 
| 701|0x00000000abd00000, 0x00000000abd00000, 0x00000000abe00000|  0%| F|  |TAMS 0x00000000abd00000, 0x00000000abd00000| Untracked 
| 702|0x00000000abe00000, 0x00000000abe00000, 0x00000000abf00000|  0%| F|  |TAMS 0x00000000abe00000, 0x00000000abe00000| Untracked 
| 703|0x00000000abf00000, 0x00000000abf00000, 0x00000000ac000000|  0%| F|  |TAMS 0x00000000abf00000, 0x00000000abf00000| Untracked 
| 704|0x00000000ac000000, 0x00000000ac000000, 0x00000000ac100000|  0%| F|  |TAMS 0x00000000ac000000, 0x00000000ac000000| Untracked 
| 705|0x00000000ac100000, 0x00000000ac100000, 0x00000000ac200000|  0%| F|  |TAMS 0x00000000ac100000, 0x00000000ac100000| Untracked 
| 706|0x00000000ac200000, 0x00000000ac200000, 0x00000000ac300000|  0%| F|  |TAMS 0x00000000ac200000, 0x00000000ac200000| Untracked 
| 707|0x00000000ac300000, 0x00000000ac300000, 0x00000000ac400000|  0%| F|  |TAMS 0x00000000ac300000, 0x00000000ac300000| Untracked 
| 708|0x00000000ac400000, 0x00000000ac400000, 0x00000000ac500000|  0%| F|  |TAMS 0x00000000ac400000, 0x00000000ac400000| Untracked 
| 709|0x00000000ac500000, 0x00000000ac500000, 0x00000000ac600000|  0%| F|  |TAMS 0x00000000ac500000, 0x00000000ac500000| Untracked 
| 710|0x00000000ac600000, 0x00000000ac600000, 0x00000000ac700000|  0%| F|  |TAMS 0x00000000ac600000, 0x00000000ac600000| Untracked 
| 711|0x00000000ac700000, 0x00000000ac700000, 0x00000000ac800000|  0%| F|  |TAMS 0x00000000ac700000, 0x00000000ac700000| Untracked 
| 712|0x00000000ac800000, 0x00000000ac800000, 0x00000000ac900000|  0%| F|  |TAMS 0x00000000ac800000, 0x00000000ac800000| Untracked 
| 713|0x00000000ac900000, 0x00000000ac900000, 0x00000000aca00000|  0%| F|  |TAMS 0x00000000ac900000, 0x00000000ac900000| Untracked 
| 714|0x00000000aca00000, 0x00000000acadba20, 0x00000000acb00000| 85%| E|  |TAMS 0x00000000aca00000, 0x00000000aca00000| Complete 
| 715|0x00000000acb00000, 0x00000000acc00000, 0x00000000acc00000|100%| E|CS|TAMS 0x00000000acb00000, 0x00000000acb00000| Complete 
| 716|0x00000000acc00000, 0x00000000acd00000, 0x00000000acd00000|100%| E|CS|TAMS 0x00000000acc00000, 0x00000000acc00000| Complete 
| 717|0x00000000acd00000, 0x00000000ace00000, 0x00000000ace00000|100%| E|CS|TAMS 0x00000000acd00000, 0x00000000acd00000| Complete 
| 718|0x00000000ace00000, 0x00000000acf00000, 0x00000000acf00000|100%| E|CS|TAMS 0x00000000ace00000, 0x00000000ace00000| Complete 
| 719|0x00000000acf00000, 0x00000000ad000000, 0x00000000ad000000|100%| E|CS|TAMS 0x00000000acf00000, 0x00000000acf00000| Complete 
| 720|0x00000000ad000000, 0x00000000ad100000, 0x00000000ad100000|100%| E|CS|TAMS 0x00000000ad000000, 0x00000000ad000000| Complete 
| 721|0x00000000ad100000, 0x00000000ad200000, 0x00000000ad200000|100%| E|CS|TAMS 0x00000000ad100000, 0x00000000ad100000| Complete 
| 722|0x00000000ad200000, 0x00000000ad300000, 0x00000000ad300000|100%| E|  |TAMS 0x00000000ad200000, 0x00000000ad200000| Complete 
| 723|0x00000000ad300000, 0x00000000ad400000, 0x00000000ad400000|100%| E|CS|TAMS 0x00000000ad300000, 0x00000000ad300000| Complete 
| 724|0x00000000ad400000, 0x00000000ad500000, 0x00000000ad500000|100%| E|CS|TAMS 0x00000000ad400000, 0x00000000ad400000| Complete 
| 725|0x00000000ad500000, 0x00000000ad600000, 0x00000000ad600000|100%| E|CS|TAMS 0x00000000ad500000, 0x00000000ad500000| Complete 
| 726|0x00000000ad600000, 0x00000000ad700000, 0x00000000ad700000|100%| E|CS|TAMS 0x00000000ad600000, 0x00000000ad600000| Complete 
| 727|0x00000000ad700000, 0x00000000ad800000, 0x00000000ad800000|100%| E|CS|TAMS 0x00000000ad700000, 0x00000000ad700000| Complete 
| 728|0x00000000ad800000, 0x00000000ad900000, 0x00000000ad900000|100%| E|CS|TAMS 0x00000000ad800000, 0x00000000ad800000| Complete 
| 729|0x00000000ad900000, 0x00000000ada00000, 0x00000000ada00000|100%| E|CS|TAMS 0x00000000ad900000, 0x00000000ad900000| Complete 
| 730|0x00000000ada00000, 0x00000000adb00000, 0x00000000adb00000|100%| E|CS|TAMS 0x00000000ada00000, 0x00000000ada00000| Complete 
| 731|0x00000000adb00000, 0x00000000adc00000, 0x00000000adc00000|100%| E|CS|TAMS 0x00000000adb00000, 0x00000000adb00000| Complete 
| 732|0x00000000adc00000, 0x00000000add00000, 0x00000000add00000|100%| E|CS|TAMS 0x00000000adc00000, 0x00000000adc00000| Complete 
| 733|0x00000000add00000, 0x00000000ade00000, 0x00000000ade00000|100%| E|CS|TAMS 0x00000000add00000, 0x00000000add00000| Complete 
| 734|0x00000000ade00000, 0x00000000adf00000, 0x00000000adf00000|100%| E|CS|TAMS 0x00000000ade00000, 0x00000000ade00000| Complete 
| 735|0x00000000adf00000, 0x00000000ae000000, 0x00000000ae000000|100%| E|CS|TAMS 0x00000000adf00000, 0x00000000adf00000| Complete 
| 736|0x00000000ae000000, 0x00000000ae100000, 0x00000000ae100000|100%| E|CS|TAMS 0x00000000ae000000, 0x00000000ae000000| Complete 
| 737|0x00000000ae100000, 0x00000000ae200000, 0x00000000ae200000|100%| E|CS|TAMS 0x00000000ae100000, 0x00000000ae100000| Complete 
| 738|0x00000000ae200000, 0x00000000ae300000, 0x00000000ae300000|100%| E|CS|TAMS 0x00000000ae200000, 0x00000000ae200000| Complete 
| 739|0x00000000ae300000, 0x00000000ae400000, 0x00000000ae400000|100%| E|CS|TAMS 0x00000000ae300000, 0x00000000ae300000| Complete 
| 740|0x00000000ae400000, 0x00000000ae500000, 0x00000000ae500000|100%| E|CS|TAMS 0x00000000ae400000, 0x00000000ae400000| Complete 
| 741|0x00000000ae500000, 0x00000000ae600000, 0x00000000ae600000|100%| E|CS|TAMS 0x00000000ae500000, 0x00000000ae500000| Complete 
| 742|0x00000000ae600000, 0x00000000ae700000, 0x00000000ae700000|100%| E|CS|TAMS 0x00000000ae600000, 0x00000000ae600000| Complete 
| 743|0x00000000ae700000, 0x00000000ae800000, 0x00000000ae800000|100%| E|CS|TAMS 0x00000000ae700000, 0x00000000ae700000| Complete 
| 744|0x00000000ae800000, 0x00000000ae900000, 0x00000000ae900000|100%| E|CS|TAMS 0x00000000ae800000, 0x00000000ae800000| Complete 
| 745|0x00000000ae900000, 0x00000000aea00000, 0x00000000aea00000|100%| E|CS|TAMS 0x00000000ae900000, 0x00000000ae900000| Complete 
| 746|0x00000000aea00000, 0x00000000aeb00000, 0x00000000aeb00000|100%| E|CS|TAMS 0x00000000aea00000, 0x00000000aea00000| Complete 
| 747|0x00000000aeb00000, 0x00000000aec00000, 0x00000000aec00000|100%| E|CS|TAMS 0x00000000aeb00000, 0x00000000aeb00000| Complete 
| 748|0x00000000aec00000, 0x00000000aed00000, 0x00000000aed00000|100%| E|CS|TAMS 0x00000000aec00000, 0x00000000aec00000| Complete 
| 749|0x00000000aed00000, 0x00000000aee00000, 0x00000000aee00000|100%| E|CS|TAMS 0x00000000aed00000, 0x00000000aed00000| Complete 

Card table byte_map: [0x000002d919570000,0x000002d919970000] _byte_map_base: 0x000002d919170000

Marking Bits (Prev, Next): (CMBitMap*) 0x000002d9025e5a30, (CMBitMap*) 0x000002d9025e5a70
 Prev Bits: [0x000002d919d70000, 0x000002d91bd70000)
 Next Bits: [0x000002d91bd70000, 0x000002d91dd70000)

Polling page: 0x000002d900470000

Metaspace:

Usage:
  Non-class:    136.69 MB used.
      Class:     21.62 MB used.
       Both:    158.32 MB used.

Virtual space:
  Non-class space:      192.00 MB reserved,     138.06 MB ( 72%) committed,  3 nodes.
      Class space:      416.00 MB reserved,      22.81 MB (  5%) committed,  1 nodes.
             Both:      608.00 MB reserved,     160.88 MB ( 26%) committed. 

Chunk freelists:
   Non-Class:  5.95 MB
       Class:  9.17 MB
        Both:  15.12 MB

MaxMetaspaceSize: 512.00 MB
CompressedClassSpaceSize: 416.00 MB
Initial GC threshold: 21.00 MB
Current GC threshold: 231.56 MB
CDS: on
MetaspaceReclaimPolicy: balanced
 - commit_granule_bytes: 65536.
 - commit_granule_words: 8192.
 - virtual_space_node_default_size: 8388608.
 - enlarge_chunks_in_place: 1.
 - new_chunks_are_fully_committed: 0.
 - uncommit_free_chunks: 1.
 - use_allocation_guard: 0.
 - handle_deallocations: 1.


Internal statistics:

num_allocs_failed_limit: 21.
num_arena_births: 3274.
num_arena_deaths: 8.
num_vsnodes_births: 4.
num_vsnodes_deaths: 0.
num_space_committed: 2573.
num_space_uncommitted: 0.
num_chunks_returned_to_freelist: 46.
num_chunks_taken_from_freelist: 11110.
num_chunk_merges: 13.
num_chunk_splits: 6949.
num_chunks_enlarged: 4086.
num_inconsistent_stats: 0.

CodeHeap 'non-profiled nmethods': size=120000Kb used=21514Kb max_used=21827Kb free=98485Kb
 bounds [0x000002d911910000, 0x000002d912e70000, 0x000002d918e40000]
CodeHeap 'profiled nmethods': size=120000Kb used=49792Kb max_used=49792Kb free=70207Kb
 bounds [0x000002d909e40000, 0x000002d90cef0000, 0x000002d911370000]
CodeHeap 'non-nmethods': size=5760Kb used=2504Kb max_used=2592Kb free=3255Kb
 bounds [0x000002d911370000, 0x000002d911610000, 0x000002d911910000]
 total_blobs=25888 nmethods=24838 adapters=960
 compilation: enabled
              stopped_count=0, restarted_count=0
 full_count=0

Compilation events (20 events):
Event: 257.773 Thread 0x000002d9207a5430 nmethod 30543 0x000002d912a59290 code [0x000002d912a59420, 0x000002d912a594f8]
Event: 257.773 Thread 0x000002d9207a5430 30544       1       com.android.ide.common.resources.MergedResourceWriterRequest::getCrunchPng (5 bytes)
Event: 257.773 Thread 0x000002d9207a5430 nmethod 30544 0x000002d912a58f90 code [0x000002d912a59120, 0x000002d912a591f8]
Event: 257.774 Thread 0x000002d9207a5430 30545       3       com.android.ide.common.resources.CopyToOutputDirectoryResourceCompilationService::compileOutputFor (38 bytes)
Event: 257.775 Thread 0x000002d9207a5430 nmethod 30545 0x000002d90cec7690 code [0x000002d90cec78e0, 0x000002d90cec8108]
Event: 257.778 Thread 0x000002d9207a5430 30546       3       org.gradle.api.internal.provider.AbstractCollectionProperty$FixedSupplier::calculateValue (17 bytes)
Event: 257.779 Thread 0x000002d9207a5430 nmethod 30546 0x000002d90cec8410 code [0x000002d90cec8600, 0x000002d90cec8a98]
Event: 257.782 Thread 0x000002d9207a5430 30547       3       com.sun.org.apache.xerces.internal.parsers.XML11Configuration::checkProperty (192 bytes)
Event: 257.784 Thread 0x000002d9207a5430 nmethod 30547 0x000002d90cec8c90 code [0x000002d90cec9100, 0x000002d90cecaf28]
Event: 257.784 Thread 0x000002d9207a5430 30550       3       com.sun.org.apache.xerces.internal.impl.XMLEntityScanner::normalizeNewlines (505 bytes)
Event: 257.786 Thread 0x000002d9207a5430 nmethod 30550 0x000002d90cecb910 code [0x000002d90cecbb80, 0x000002d90cecc8e8]
Event: 257.786 Thread 0x000002d9207a5430 30549       3       com.sun.org.apache.xerces.internal.util.XMLAttributesImpl::getAugmentations (24 bytes)
Event: 257.786 Thread 0x000002d9207a5430 nmethod 30549 0x000002d90ceccd90 code [0x000002d90ceccf40, 0x000002d90cecd138]
Event: 257.786 Thread 0x000002d9207a5430 30551       3       com.sun.org.apache.xerces.internal.dom.DeferredDocumentImpl::clearChunkValue (69 bytes)
Event: 257.786 Thread 0x000002d9207a5430 nmethod 30551 0x000002d90cecd210 code [0x000002d90cecd400, 0x000002d90cecdbb8]
Event: 257.786 Thread 0x000002d9207a5430 30548       3       com.sun.org.apache.xerces.internal.xni.QName::setValues (33 bytes)
Event: 257.786 Thread 0x000002d9207a5430 nmethod 30548 0x000002d90cecde10 code [0x000002d90cecdfc0, 0x000002d90cece258]
Event: 257.791 Thread 0x000002d9207a5430 30552       3       android.databinding.internal.org.antlr.v4.runtime.Lexer::getLine (11 bytes)
Event: 257.792 Thread 0x000002d9207a5430 nmethod 30552 0x000002d90cece310 code [0x000002d90cece4c0, 0x000002d90cece778]
Event: 257.792 Thread 0x000002d9207a5430 30554   !   3       android.databinding.internal.org.antlr.v4.runtime.Lexer::nextToken (249 bytes)

GC Heap History (20 events):
Event: 138.653 GC heap before
{Heap before GC invocations=139 (full 0):
 garbage-first heap   total 497664K, used 470394K [0x0000000080000000, 0x0000000100000000)
  region size 1024K, 24 young (24576K), 3 survivors (3072K)
 Metaspace       used 139699K, committed 142016K, reserved 557056K
  class space    used 19246K, committed 20288K, reserved 425984K
}
Event: 138.668 GC heap after
{Heap after GC invocations=140 (full 0):
 garbage-first heap   total 497664K, used 451719K [0x0000000080000000, 0x0000000100000000)
  region size 1024K, 3 young (3072K), 3 survivors (3072K)
 Metaspace       used 139699K, committed 142016K, reserved 557056K
  class space    used 19246K, committed 20288K, reserved 425984K
}
Event: 139.820 GC heap before
{Heap before GC invocations=140 (full 0):
 garbage-first heap   total 497664K, used 473223K [0x0000000080000000, 0x0000000100000000)
  region size 1024K, 24 young (24576K), 3 survivors (3072K)
 Metaspace       used 139858K, committed 142208K, reserved 557056K
  class space    used 19281K, committed 20352K, reserved 425984K
}
Event: 139.840 GC heap after
{Heap after GC invocations=141 (full 0):
 garbage-first heap   total 497664K, used 454195K [0x0000000080000000, 0x0000000100000000)
  region size 1024K, 3 young (3072K), 3 survivors (3072K)
 Metaspace       used 139858K, committed 142208K, reserved 557056K
  class space    used 19281K, committed 20352K, reserved 425984K
}
Event: 140.969 GC heap before
{Heap before GC invocations=141 (full 0):
 garbage-first heap   total 768000K, used 489011K [0x0000000080000000, 0x0000000100000000)
  region size 1024K, 37 young (37888K), 3 survivors (3072K)
 Metaspace       used 139903K, committed 142272K, reserved 557056K
  class space    used 19283K, committed 20352K, reserved 425984K
}
Event: 140.984 GC heap after
{Heap after GC invocations=142 (full 0):
 garbage-first heap   total 768000K, used 457325K [0x0000000080000000, 0x0000000100000000)
  region size 1024K, 5 young (5120K), 5 survivors (5120K)
 Metaspace       used 139903K, committed 142272K, reserved 557056K
  class space    used 19283K, committed 20352K, reserved 425984K
}
Event: 151.313 GC heap before
{Heap before GC invocations=143 (full 0):
 garbage-first heap   total 768000K, used 630381K [0x0000000080000000, 0x0000000100000000)
  region size 1024K, 174 young (178176K), 5 survivors (5120K)
 Metaspace       used 140284K, committed 142656K, reserved 557056K
  class space    used 19318K, committed 20416K, reserved 425984K
}
Event: 151.367 GC heap after
{Heap after GC invocations=144 (full 0):
 garbage-first heap   total 768000K, used 476139K [0x0000000080000000, 0x0000000100000000)
  region size 1024K, 22 young (22528K), 22 survivors (22528K)
 Metaspace       used 140284K, committed 142656K, reserved 557056K
  class space    used 19318K, committed 20416K, reserved 425984K
}
Event: 152.158 GC heap before
{Heap before GC invocations=144 (full 0):
 garbage-first heap   total 768000K, used 491499K [0x0000000080000000, 0x0000000100000000)
  region size 1024K, 37 young (37888K), 22 survivors (22528K)
 Metaspace       used 140364K, committed 142720K, reserved 557056K
  class space    used 19332K, committed 20416K, reserved 425984K
}
Event: 152.249 GC heap after
{Heap after GC invocations=145 (full 0):
 garbage-first heap   total 768000K, used 462197K [0x0000000080000000, 0x0000000100000000)
  region size 1024K, 5 young (5120K), 5 survivors (5120K)
 Metaspace       used 140364K, committed 142720K, reserved 557056K
  class space    used 19332K, committed 20416K, reserved 425984K
}
Event: 159.850 GC heap before
{Heap before GC invocations=145 (full 0):
 garbage-first heap   total 768000K, used 622965K [0x0000000080000000, 0x0000000100000000)
  region size 1024K, 161 young (164864K), 5 survivors (5120K)
 Metaspace       used 140818K, committed 143168K, reserved 557056K
  class space    used 19386K, committed 20480K, reserved 425984K
}
Event: 159.875 GC heap after
{Heap after GC invocations=146 (full 0):
 garbage-first heap   total 768000K, used 467669K [0x0000000080000000, 0x0000000100000000)
  region size 1024K, 8 young (8192K), 8 survivors (8192K)
 Metaspace       used 140818K, committed 143168K, reserved 557056K
  class space    used 19386K, committed 20480K, reserved 425984K
}
Event: 164.271 GC heap before
{Heap before GC invocations=146 (full 0):
 garbage-first heap   total 768000K, used 633557K [0x0000000080000000, 0x0000000100000000)
  region size 1024K, 171 young (175104K), 8 survivors (8192K)
 Metaspace       used 140913K, committed 143296K, reserved 557056K
  class space    used 19396K, committed 20480K, reserved 425984K
}
Event: 164.302 GC heap after
{Heap after GC invocations=147 (full 0):
 garbage-first heap   total 768000K, used 467220K [0x0000000080000000, 0x0000000100000000)
  region size 1024K, 10 young (10240K), 10 survivors (10240K)
 Metaspace       used 140913K, committed 143296K, reserved 557056K
  class space    used 19396K, committed 20480K, reserved 425984K
}
Event: 171.429 GC heap before
{Heap before GC invocations=147 (full 0):
 garbage-first heap   total 768000K, used 650516K [0x0000000080000000, 0x0000000100000000)
  region size 1024K, 185 young (189440K), 10 survivors (10240K)
 Metaspace       used 151540K, committed 153984K, reserved 622592K
  class space    used 20824K, committed 21888K, reserved 425984K
}
Event: 171.467 GC heap after
{Heap after GC invocations=148 (full 0):
 garbage-first heap   total 768000K, used 470970K [0x0000000080000000, 0x0000000100000000)
  region size 1024K, 13 young (13312K), 13 survivors (13312K)
 Metaspace       used 151540K, committed 153984K, reserved 622592K
  class space    used 20824K, committed 21888K, reserved 425984K
}
Event: 252.505 GC heap before
{Heap before GC invocations=148 (full 0):
 garbage-first heap   total 768000K, used 653242K [0x0000000080000000, 0x0000000100000000)
  region size 1024K, 192 young (196608K), 13 survivors (13312K)
 Metaspace       used 158454K, committed 161024K, reserved 622592K
  class space    used 21708K, committed 22912K, reserved 425984K
}
Event: 252.753 GC heap after
{Heap after GC invocations=149 (full 0):
 garbage-first heap   total 768000K, used 475586K [0x0000000080000000, 0x0000000100000000)
  region size 1024K, 15 young (15360K), 15 survivors (15360K)
 Metaspace       used 158454K, committed 161024K, reserved 622592K
  class space    used 21708K, committed 22912K, reserved 425984K
}
Event: 255.475 GC heap before
{Heap before GC invocations=149 (full 0):
 garbage-first heap   total 768000K, used 656834K [0x0000000080000000, 0x0000000100000000)
  region size 1024K, 193 young (197632K), 15 survivors (15360K)
 Metaspace       used 159127K, committed 161728K, reserved 622592K
  class space    used 21779K, committed 22976K, reserved 425984K
}
Event: 255.527 GC heap after
{Heap after GC invocations=150 (full 0):
 garbage-first heap   total 768000K, used 480601K [0x0000000080000000, 0x0000000100000000)
  region size 1024K, 17 young (17408K), 17 survivors (17408K)
 Metaspace       used 159127K, committed 161728K, reserved 622592K
  class space    used 21779K, committed 22976K, reserved 425984K
}

Deoptimization events (20 events):
Event: 256.714 Thread 0x000002d944997050 Uncommon trap: trap_request=0xffffff45 fr.pc=0x000002d912270750 relative=0x0000000000000230
Event: 256.714 Thread 0x000002d944997050 Uncommon trap: reason=unstable_if action=reinterpret pc=0x000002d912270750 method=java.lang.String.regionMatches(ILjava/lang/String;II)Z @ 32 c2
Event: 256.714 Thread 0x000002d944997050 DEOPT PACKING pc=0x000002d912270750 sp=0x000000f83d5fa5b0
Event: 256.714 Thread 0x000002d944997050 DEOPT UNPACKING pc=0x000002d9113c23a3 sp=0x000000f83d5fa558 mode 2
Event: 256.766 Thread 0x000002d944997050 Uncommon trap: trap_request=0xffffffde fr.pc=0x000002d911bba880 relative=0x00000000000003a0
Event: 256.766 Thread 0x000002d944997050 Uncommon trap: reason=class_check action=maybe_recompile pc=0x000002d911bba880 method=java.util.stream.AbstractPipeline.copyIntoWithCancel(Ljava/util/stream/Sink;Ljava/util/Spliterator;)Z @ 32 c2
Event: 256.767 Thread 0x000002d944997050 DEOPT PACKING pc=0x000002d911bba880 sp=0x000000f83d5f9600
Event: 256.767 Thread 0x000002d944997050 DEOPT UNPACKING pc=0x000002d9113c23a3 sp=0x000000f83d5f94a8 mode 2
Event: 256.767 Thread 0x000002d944997050 Uncommon trap: trap_request=0xffffffde fr.pc=0x000002d911cd1dd0 relative=0x00000000000000b0
Event: 256.767 Thread 0x000002d944997050 Uncommon trap: reason=class_check action=maybe_recompile pc=0x000002d911cd1dd0 method=java.util.stream.IntPipeline$10$1.accept(I)V @ 8 c2
Event: 256.767 Thread 0x000002d944997050 DEOPT PACKING pc=0x000002d911cd1dd0 sp=0x000000f83d5f93b0
Event: 256.767 Thread 0x000002d944997050 DEOPT UNPACKING pc=0x000002d9113c23a3 sp=0x000000f83d5f9348 mode 2
Event: 256.861 Thread 0x000002d944997050 Uncommon trap: trap_request=0xffffff45 fr.pc=0x000002d9126f5ba0 relative=0x0000000000000180
Event: 256.861 Thread 0x000002d944997050 Uncommon trap: reason=unstable_if action=reinterpret pc=0x000002d9126f5ba0 method=java.util.stream.Collector.of(Ljava/util/function/Supplier;Ljava/util/function/BiConsumer;Ljava/util/function/BinaryOperator;Ljava/util/function/Function;[Ljava/util/stream/
Event: 256.861 Thread 0x000002d944997050 DEOPT PACKING pc=0x000002d9126f5ba0 sp=0x000000f83d5f81c0
Event: 256.861 Thread 0x000002d944997050 DEOPT UNPACKING pc=0x000002d9113c23a3 sp=0x000000f83d5f8188 mode 2
Event: 256.939 Thread 0x000002d944997050 Uncommon trap: trap_request=0xffffff45 fr.pc=0x000002d912e530f8 relative=0x0000000000000b58
Event: 256.939 Thread 0x000002d944997050 Uncommon trap: reason=unstable_if action=reinterpret pc=0x000002d912e530f8 method=sun.invoke.util.VerifyAccess.isTypeVisible(Ljava/lang/Class;Ljava/lang/Class;)Z @ 77 c2
Event: 256.939 Thread 0x000002d944997050 DEOPT PACKING pc=0x000002d912e530f8 sp=0x000000f83d5f93b0
Event: 256.939 Thread 0x000002d944997050 DEOPT UNPACKING pc=0x000002d9113c23a3 sp=0x000000f83d5f9178 mode 2

Classes unloaded (20 events):
Event: 67.705 Thread 0x000002d920771c70 Unloading class 0x000002d922d08c00 '_BuildScript_$_run_closure2$_closure5'
Event: 67.705 Thread 0x000002d920771c70 Unloading class 0x000002d922d09920 '_BuildScript_$_run_closure2'
Event: 67.705 Thread 0x000002d920771c70 Unloading class 0x000002d922d09538 '_BuildScript_$_run_closure1'
Event: 67.705 Thread 0x000002d920771c70 Unloading class 0x000002d922d09000 '_BuildScript_'
Event: 67.705 Thread 0x000002d920771c70 Unloading class 0x000002d922d02000 '_BuildScript_$_run_closure1$_closure2$_closure5'
Event: 67.705 Thread 0x000002d920771c70 Unloading class 0x000002d922d01bb8 '_BuildScript_$_run_closure1$_closure2$_closure4'
Event: 67.705 Thread 0x000002d920771c70 Unloading class 0x000002d922d017d0 '_BuildScript_$_run_closure1$_closure2$_closure3'
Event: 67.705 Thread 0x000002d920771c70 Unloading class 0x000002d922d013e8 '_BuildScript_$_run_closure1$_closure2'
Event: 67.705 Thread 0x000002d920771c70 Unloading class 0x000002d922d01000 '_BuildScript_$_run_closure1'
Event: 67.705 Thread 0x000002d920771c70 Unloading class 0x000002d922d00800 '_BuildScript_'
Event: 67.705 Thread 0x000002d920771c70 Unloading class 0x000002d922ced3e8 '_BuildScript_$_run_closure1$_closure4'
Event: 67.705 Thread 0x000002d920771c70 Unloading class 0x000002d922ced000 '_BuildScript_$_run_closure1$_closure3'
Event: 67.705 Thread 0x000002d920771c70 Unloading class 0x000002d922cec920 '_BuildScript_$_run_closure1$_closure2'
Event: 67.705 Thread 0x000002d920771c70 Unloading class 0x000002d922cec538 '_BuildScript_$_run_closure1'
Event: 67.705 Thread 0x000002d920771c70 Unloading class 0x000002d922cec000 '_BuildScript_'
Event: 67.705 Thread 0x000002d920771c70 Unloading class 0x000002d922bd4bb8 '_BuildScript_$_run_closure2$_closure3$_closure4'
Event: 67.705 Thread 0x000002d920771c70 Unloading class 0x000002d922bd47d0 '_BuildScript_$_run_closure2$_closure3'
Event: 67.705 Thread 0x000002d920771c70 Unloading class 0x000002d922bd43e8 '_BuildScript_$_run_closure2'
Event: 67.705 Thread 0x000002d920771c70 Unloading class 0x000002d922bd4000 '_BuildScript_$_run_closure1'
Event: 67.705 Thread 0x000002d920771c70 Unloading class 0x000002d922bc8800 '_BuildScript_'

Classes redefined (0 events):
No events

Internal exceptions (20 events):
Event: 257.792 Thread 0x000002d944997050 Exception <a 'sun/nio/fs/WindowsException'{0x00000000acb4d348}> (0x00000000acb4d348) 
thrown [s\open\src\hotspot\share\prims\jni.cpp, line 516]
Event: 257.794 Thread 0x000002d944997050 Exception <a 'sun/nio/fs/WindowsException'{0x00000000acb4eb18}> (0x00000000acb4eb18) 
thrown [s\open\src\hotspot\share\prims\jni.cpp, line 516]
Event: 257.796 Thread 0x000002d944997050 Exception <a 'sun/nio/fs/WindowsException'{0x00000000acb50378}> (0x00000000acb50378) 
thrown [s\open\src\hotspot\share\prims\jni.cpp, line 516]
Event: 257.797 Thread 0x000002d944997050 Exception <a 'sun/nio/fs/WindowsException'{0x00000000acb51bc0}> (0x00000000acb51bc0) 
thrown [s\open\src\hotspot\share\prims\jni.cpp, line 516]
Event: 257.799 Thread 0x000002d944997050 Exception <a 'sun/nio/fs/WindowsException'{0x00000000acb533b0}> (0x00000000acb533b0) 
thrown [s\open\src\hotspot\share\prims\jni.cpp, line 516]
Event: 257.800 Thread 0x000002d944997050 Exception <a 'sun/nio/fs/WindowsException'{0x00000000acb54be0}> (0x00000000acb54be0) 
thrown [s\open\src\hotspot\share\prims\jni.cpp, line 516]
Event: 257.802 Thread 0x000002d944997050 Exception <a 'sun/nio/fs/WindowsException'{0x00000000acb56440}> (0x00000000acb56440) 
thrown [s\open\src\hotspot\share\prims\jni.cpp, line 516]
Event: 257.803 Thread 0x000002d944997050 Exception <a 'sun/nio/fs/WindowsException'{0x00000000acb57ce8}> (0x00000000acb57ce8) 
thrown [s\open\src\hotspot\share\prims\jni.cpp, line 516]
Event: 257.805 Thread 0x000002d944997050 Exception <a 'sun/nio/fs/WindowsException'{0x00000000acb59630}> (0x00000000acb59630) 
thrown [s\open\src\hotspot\share\prims\jni.cpp, line 516]
Event: 257.807 Thread 0x000002d944997050 Exception <a 'sun/nio/fs/WindowsException'{0x00000000acb5af30}> (0x00000000acb5af30) 
thrown [s\open\src\hotspot\share\prims\jni.cpp, line 516]
Event: 257.809 Thread 0x000002d944997050 Exception <a 'sun/nio/fs/WindowsException'{0x00000000acb5c7b8}> (0x00000000acb5c7b8) 
thrown [s\open\src\hotspot\share\prims\jni.cpp, line 516]
Event: 257.811 Thread 0x000002d944997050 Exception <a 'sun/nio/fs/WindowsException'{0x00000000acb5e158}> (0x00000000acb5e158) 
thrown [s\open\src\hotspot\share\prims\jni.cpp, line 516]
Event: 257.812 Thread 0x000002d944997050 Exception <a 'sun/nio/fs/WindowsException'{0x00000000acb5fb78}> (0x00000000acb5fb78) 
thrown [s\open\src\hotspot\share\prims\jni.cpp, line 516]
Event: 257.813 Thread 0x000002d944997050 Exception <a 'sun/nio/fs/WindowsException'{0x00000000acb614f0}> (0x00000000acb614f0) 
thrown [s\open\src\hotspot\share\prims\jni.cpp, line 516]
Event: 257.815 Thread 0x000002d944997050 Exception <a 'sun/nio/fs/WindowsException'{0x00000000acb62e90}> (0x00000000acb62e90) 
thrown [s\open\src\hotspot\share\prims\jni.cpp, line 516]
Event: 257.816 Thread 0x000002d944997050 Exception <a 'sun/nio/fs/WindowsException'{0x00000000acb647c8}> (0x00000000acb647c8) 
thrown [s\open\src\hotspot\share\prims\jni.cpp, line 516]
Event: 257.818 Thread 0x000002d944997050 Exception <a 'sun/nio/fs/WindowsException'{0x00000000acb65f90}> (0x00000000acb65f90) 
thrown [s\open\src\hotspot\share\prims\jni.cpp, line 516]
Event: 257.820 Thread 0x000002d944997050 Exception <a 'sun/nio/fs/WindowsException'{0x00000000acb677c8}> (0x00000000acb677c8) 
thrown [s\open\src\hotspot\share\prims\jni.cpp, line 516]
Event: 257.821 Thread 0x000002d944997050 Exception <a 'sun/nio/fs/WindowsException'{0x00000000acb69090}> (0x00000000acb69090) 
thrown [s\open\src\hotspot\share\prims\jni.cpp, line 516]
Event: 257.823 Thread 0x000002d944997050 Exception <a 'sun/nio/fs/WindowsException'{0x00000000acb6a9b8}> (0x00000000acb6a9b8) 
thrown [s\open\src\hotspot\share\prims\jni.cpp, line 516]

VM Operations (20 events):
Event: 249.334 Executing VM operation: Cleanup done
Event: 250.343 Executing VM operation: Cleanup
Event: 250.344 Executing VM operation: Cleanup done
Event: 251.354 Executing VM operation: Cleanup
Event: 251.355 Executing VM operation: Cleanup done
Event: 252.363 Executing VM operation: Cleanup
Event: 252.364 Executing VM operation: Cleanup done
Event: 252.504 Executing VM operation: G1CollectForAllocation
Event: 252.753 Executing VM operation: G1CollectForAllocation done
Event: 254.754 Executing VM operation: Cleanup
Event: 254.755 Executing VM operation: Cleanup done
Event: 254.985 Executing VM operation: HandshakeAllThreads
Event: 254.985 Executing VM operation: HandshakeAllThreads done
Event: 255.475 Executing VM operation: G1CollectForAllocation
Event: 255.527 Executing VM operation: G1CollectForAllocation done
Event: 256.534 Executing VM operation: Cleanup
Event: 256.534 Executing VM operation: Cleanup done
Event: 257.544 Executing VM operation: Cleanup
Event: 257.544 Executing VM operation: Cleanup done
Event: 258.555 Executing VM operation: Cleanup

Events (20 events):
Event: 257.256 loading class com/sun/org/apache/xml/internal/dtm/ref/DTMDefaultBaseTraversers$DescendantTraverser
Event: 257.256 loading class com/sun/org/apache/xml/internal/dtm/ref/DTMDefaultBaseTraversers$IndexedDTMAxisTraverser
Event: 257.256 loading class com/sun/org/apache/xml/internal/dtm/ref/DTMDefaultBaseTraversers$IndexedDTMAxisTraverser done
Event: 257.256 loading class com/sun/org/apache/xml/internal/dtm/ref/DTMDefaultBaseTraversers$DescendantTraverser done
Event: 257.256 loading class com/sun/org/apache/xml/internal/dtm/ref/DTMDefaultBaseTraversers$DescendantOrSelfTraverser done
Event: 257.256 loading class com/sun/org/apache/xml/internal/dtm/ref/DTMDefaultBaseTraversers$AllFromNodeTraverser done
Event: 257.256 loading class com/sun/org/apache/xml/internal/dtm/ref/DTMDefaultBaseTraversers$AllFromRootTraverser done
Event: 257.256 loading class com/sun/org/apache/xml/internal/dtm/ref/DTMDefaultBaseTraversers$RootTraverser done
Event: 257.256 loading class com/sun/org/apache/xml/internal/dtm/ref/DTMNodeList
Event: 257.257 loading class com/sun/org/apache/xml/internal/dtm/ref/DTMNodeListBase
Event: 257.257 loading class com/sun/org/apache/xml/internal/dtm/ref/DTMNodeListBase done
Event: 257.257 loading class com/sun/org/apache/xml/internal/dtm/ref/DTMNodeList done
Event: 257.257 loading class com/sun/org/apache/xpath/internal/axes/NodeSequence$IteratorCache
Event: 257.257 loading class com/sun/org/apache/xpath/internal/axes/NodeSequence$IteratorCache done
Event: 257.257 loading class com/sun/org/apache/xml/internal/dtm/ref/DTMDefaultBaseTraversers$ChildTraverser
Event: 257.258 loading class com/sun/org/apache/xml/internal/dtm/ref/DTMDefaultBaseTraversers$ChildTraverser done
Event: 257.625 loading class com/sun/org/apache/xerces/internal/dom/DeferredTextImpl
Event: 257.626 loading class com/sun/org/apache/xerces/internal/dom/DeferredTextImpl done
Event: 257.626 loading class com/sun/org/apache/xml/internal/utils/XMLCharacterRecognizer
Event: 257.626 loading class com/sun/org/apache/xml/internal/utils/XMLCharacterRecognizer done


Dynamic libraries:
0x00007ff7f1d40000 - 0x00007ff7f1d50000 	C:\Program Files\Java\jdk-17\bin\java.exe
0x00007ffa822c0000 - 0x00007ffa82528000 	C:\WINDOWS\SYSTEM32\ntdll.dll
0x00007ffa819f0000 - 0x00007ffa81ab9000 	C:\WINDOWS\System32\KERNEL32.DLL
0x00007ffa7f6d0000 - 0x00007ffa7fabd000 	C:\WINDOWS\System32\KERNELBASE.dll
0x00007ffa7f580000 - 0x00007ffa7f6cb000 	C:\WINDOWS\System32\ucrtbase.dll
0x00007ffa237c0000 - 0x00007ffa237d9000 	C:\Program Files\Java\jdk-17\bin\jli.dll
0x00007ffa23720000 - 0x00007ffa2373b000 	C:\Program Files\Java\jdk-17\bin\VCRUNTIME140.dll
0x00007ffa818f0000 - 0x00007ffa819a4000 	C:\WINDOWS\System32\ADVAPI32.dll
0x00007ffa815a0000 - 0x00007ffa81649000 	C:\WINDOWS\System32\msvcrt.dll
0x00007ffa80060000 - 0x00007ffa80106000 	C:\WINDOWS\System32\sechost.dll
0x00007ffa80dd0000 - 0x00007ffa80ee8000 	C:\WINDOWS\System32\RPCRT4.dll
0x00007ffa81d70000 - 0x00007ffa81f3c000 	C:\WINDOWS\System32\USER32.dll
0x00007ffa7f550000 - 0x00007ffa7f577000 	C:\WINDOWS\System32\win32u.dll
0x00007ffa65f00000 - 0x00007ffa6619a000 	C:\WINDOWS\WinSxS\amd64_microsoft.windows.common-controls_6595b64144ccf1df_6.0.26100.4484_none_3e0e6d4ce32ef3b3\COMCTL32.dll
0x00007ffa82250000 - 0x00007ffa8227b000 	C:\WINDOWS\System32\GDI32.dll
0x00007ffa7fd00000 - 0x00007ffa7fe37000 	C:\WINDOWS\System32\gdi32full.dll
0x00007ffa7f410000 - 0x00007ffa7f4b3000 	C:\WINDOWS\System32\msvcp_win.dll
0x00007ffa70ca0000 - 0x00007ffa70cab000 	C:\WINDOWS\SYSTEM32\VERSION.dll
0x00007ffa819b0000 - 0x00007ffa819df000 	C:\WINDOWS\System32\IMM32.DLL
0x00007ffa71b60000 - 0x00007ffa71b6c000 	C:\Program Files\Java\jdk-17\bin\vcruntime140_1.dll
0x00007ffa11690000 - 0x00007ffa1171e000 	C:\Program Files\Java\jdk-17\bin\msvcp140.dll
0x00007ff9fde30000 - 0x00007ff9fea10000 	C:\Program Files\Java\jdk-17\bin\server\jvm.dll
0x00007ffa80fa0000 - 0x00007ffa80fa8000 	C:\WINDOWS\System32\PSAPI.DLL
0x00007ffa56cf0000 - 0x00007ffa56cfa000 	C:\WINDOWS\SYSTEM32\WSOCK32.dll
0x00007ffa661a0000 - 0x00007ffa661d5000 	C:\WINDOWS\SYSTEM32\WINMM.dll
0x00007ffa81c90000 - 0x00007ffa81d04000 	C:\WINDOWS\System32\WS2_32.dll
0x00007ffa7e1b0000 - 0x00007ffa7e1cb000 	C:\WINDOWS\SYSTEM32\kernel.appcore.dll
0x00007ffa676b0000 - 0x00007ffa676ba000 	C:\Program Files\Java\jdk-17\bin\jimage.dll
0x00007ffa7c490000 - 0x00007ffa7c6d1000 	C:\WINDOWS\SYSTEM32\DBGHELP.DLL
0x00007ffa80110000 - 0x00007ffa80496000 	C:\WINDOWS\System32\combase.dll
0x00007ffa81800000 - 0x00007ffa818e0000 	C:\WINDOWS\System32\OLEAUT32.dll
0x00007ffa60b90000 - 0x00007ffa60bd3000 	C:\WINDOWS\SYSTEM32\dbgcore.DLL
0x00007ffa7fe40000 - 0x00007ffa7fed9000 	C:\WINDOWS\System32\bcryptPrimitives.dll
0x00007ffa6b7b0000 - 0x00007ffa6b7be000 	C:\Program Files\Java\jdk-17\bin\instrument.dll
0x00007ffa22bd0000 - 0x00007ffa22bf5000 	C:\Program Files\Java\jdk-17\bin\java.dll
0x00007ffa115b0000 - 0x00007ffa11687000 	C:\Program Files\Java\jdk-17\bin\jsvml.dll
0x00007ffa80680000 - 0x00007ffa80dca000 	C:\WINDOWS\System32\SHELL32.dll
0x00007ffa7fb80000 - 0x00007ffa7fcf4000 	C:\WINDOWS\System32\wintypes.dll
0x00007ffa7d070000 - 0x00007ffa7d8cb000 	C:\WINDOWS\SYSTEM32\windows.storage.dll
0x00007ffa82040000 - 0x00007ffa82135000 	C:\WINDOWS\System32\SHCORE.dll
0x00007ffa81530000 - 0x00007ffa8159a000 	C:\WINDOWS\System32\shlwapi.dll
0x00007ffa7f320000 - 0x00007ffa7f34f000 	C:\WINDOWS\SYSTEM32\profapi.dll
0x00007ffa1c3d0000 - 0x00007ffa1c3e8000 	C:\Program Files\Java\jdk-17\bin\zip.dll
0x00007ffa1cdf0000 - 0x00007ffa1ce09000 	C:\Program Files\Java\jdk-17\bin\net.dll
0x00007ffa727e0000 - 0x00007ffa728fe000 	C:\WINDOWS\SYSTEM32\WINHTTP.dll
0x00007ffa7e740000 - 0x00007ffa7e7aa000 	C:\WINDOWS\system32\mswsock.dll
0x00007ffa1c630000 - 0x00007ffa1c646000 	C:\Program Files\Java\jdk-17\bin\nio.dll
0x00007ffa71fa0000 - 0x00007ffa71fb0000 	C:\Program Files\Java\jdk-17\bin\verify.dll
0x00007ffa7ce40000 - 0x00007ffa7ce67000 	C:\Users\Admin\.gradle\native\c067742578af261105cb4f569cf0c3c89f3d7b1fecec35dd04571415982c5e48\windows-amd64\native-platform.dll
0x00007ffa327c0000 - 0x00007ffa32904000 	C:\Users\Admin\.gradle\native\100fb08df4bc3b14c8652ba06237920a3bd2aa13389f12d3474272988ae205f9\windows-amd64\native-platform-file-events.dll
0x00007ffa66fb0000 - 0x00007ffa66fba000 	C:\Program Files\Java\jdk-17\bin\management.dll
0x00007ffa5f200000 - 0x00007ffa5f20b000 	C:\Program Files\Java\jdk-17\bin\management_ext.dll
0x00007ffa7e9f0000 - 0x00007ffa7ea0b000 	C:\WINDOWS\SYSTEM32\CRYPTSP.dll
0x00007ffa7e110000 - 0x00007ffa7e14b000 	C:\WINDOWS\system32\rsaenh.dll
0x00007ffa7e7e0000 - 0x00007ffa7e80b000 	C:\WINDOWS\SYSTEM32\USERENV.dll
0x00007ffa7f2f0000 - 0x00007ffa7f316000 	C:\WINDOWS\SYSTEM32\bcrypt.dll
0x00007ffa7ea10000 - 0x00007ffa7ea1c000 	C:\WINDOWS\SYSTEM32\CRYPTBASE.dll
0x00007ffa7dc90000 - 0x00007ffa7dcc3000 	C:\WINDOWS\SYSTEM32\IPHLPAPI.DLL
0x00007ffa82240000 - 0x00007ffa8224a000 	C:\WINDOWS\System32\NSI.dll
0x00007ffa78e90000 - 0x00007ffa78eaf000 	C:\WINDOWS\SYSTEM32\dhcpcsvc6.DLL
0x00007ffa78ce0000 - 0x00007ffa78d05000 	C:\WINDOWS\SYSTEM32\dhcpcsvc.DLL
0x00007ffa7dd60000 - 0x00007ffa7de86000 	C:\WINDOWS\SYSTEM32\DNSAPI.dll
0x00007ffa57b30000 - 0x00007ffa57b3e000 	C:\Program Files\Java\jdk-17\bin\sunmscapi.dll
0x00007ffa7fee0000 - 0x00007ffa80057000 	C:\WINDOWS\System32\CRYPT32.dll
0x00007ffa7ec10000 - 0x00007ffa7ec40000 	C:\WINDOWS\SYSTEM32\ncrypt.dll
0x00007ffa7ebc0000 - 0x00007ffa7ebff000 	C:\WINDOWS\SYSTEM32\NTASN1.dll
0x00007ff9f3240000 - 0x00007ff9f3248000 	C:\WINDOWS\system32\wshunix.dll
0x00007ffa528e0000 - 0x00007ffa528f8000 	C:\WINDOWS\system32\napinsp.dll
0x00007ffa52870000 - 0x00007ffa52882000 	C:\WINDOWS\System32\winrnr.dll
0x00007ffa52830000 - 0x00007ffa52860000 	C:\WINDOWS\system32\nlansp_c.dll
0x00007ffa6f620000 - 0x00007ffa6f640000 	C:\WINDOWS\system32\wshbth.dll
0x00007ffa70d70000 - 0x00007ffa70d7b000 	C:\Windows\System32\rasadhlp.dll
0x00007ffa78f90000 - 0x00007ffa79016000 	C:\WINDOWS\System32\fwpuclnt.dll
0x00007ffa7e2e0000 - 0x00007ffa7e316000 	C:\WINDOWS\SYSTEM32\ntmarta.dll

dbghelp: loaded successfully - version: 4.0.5 - missing functions: none
symbol engine: initialized successfully - sym options: 0x614 - pdb path: .;C:\Program Files\Java\jdk-17\bin;C:\WINDOWS\SYSTEM32;C:\WINDOWS\WinSxS\amd64_microsoft.windows.common-controls_6595b64144ccf1df_6.0.26100.4484_none_3e0e6d4ce32ef3b3;C:\Program Files\Java\jdk-17\bin\server;C:\Users\Admin\.gradle\native\c067742578af261105cb4f569cf0c3c89f3d7b1fecec35dd04571415982c5e48\windows-amd64;C:\Users\Admin\.gradle\native\100fb08df4bc3b14c8652ba06237920a3bd2aa13389f12d3474272988ae205f9\windows-amd64

VM Arguments:
jvm_args: -XX:MaxMetaspaceSize=512m --add-opens=java.base/java.util=ALL-UNNAMED --add-opens=java.base/java.lang=ALL-UNNAMED --add-opens=java.base/java.lang.invoke=ALL-UNNAMED --add-opens=java.prefs/java.util.prefs=ALL-UNNAMED --add-exports=jdk.compiler/com.sun.tools.javac.api=ALL-UNNAMED --add-exports=jdk.compiler/com.sun.tools.javac.util=ALL-UNNAMED --add-opens=java.base/java.nio.charset=ALL-UNNAMED --add-opens=java.base/java.net=ALL-UNNAMED --add-opens=java.base/java.util.concurrent.atomic=ALL-UNNAMED -Xmx2048m -Dfile.encoding=windows-1252 -Duser.country=IN -Duser.language=en -Duser.variant -javaagent:C:\Users\Admin\.gradle\wrapper\dists\gradle-8.10.2-all\7iv73wktx1xtkvlq19urqw1wm\gradle-8.10.2\lib\agents\gradle-instrumentation-agent-8.10.2.jar 
java_command: org.gradle.launcher.daemon.bootstrap.GradleDaemon 8.10.2
java_class_path (initial): C:\Users\Admin\.gradle\wrapper\dists\gradle-8.10.2-all\7iv73wktx1xtkvlq19urqw1wm\gradle-8.10.2\lib\gradle-daemon-main-8.10.2.jar
Launcher Type: SUN_STANDARD

[Global flags]
     intx CICompilerCount                          = 4                                         {product} {ergonomic}
   size_t CompressedClassSpaceSize                 = 436207616                                 {product} {ergonomic}
     uint ConcGCThreads                            = 2                                         {product} {ergonomic}
     uint G1ConcRefinementThreads                  = 8                                         {product} {ergonomic}
   size_t G1HeapRegionSize                         = 1048576                                   {product} {ergonomic}
    uintx GCDrainStackTargetSize                   = 64                                        {product} {ergonomic}
   size_t InitialHeapSize                          = 127926272                                 {product} {ergonomic}
   size_t MarkStackSize                            = 4194304                                   {product} {ergonomic}
   size_t MaxHeapSize                              = 2147483648                                {product} {command line}
   size_t MaxMetaspaceSize                         = 536870912                                 {product} {command line}
   size_t MaxNewSize                               = 1287651328                                {product} {ergonomic}
   size_t MinHeapDeltaBytes                        = 1048576                                   {product} {ergonomic}
   size_t MinHeapSize                              = 8388608                                   {product} {ergonomic}
    uintx NonNMethodCodeHeapSize                   = 5839372                                {pd product} {ergonomic}
    uintx NonProfiledCodeHeapSize                  = 122909434                              {pd product} {ergonomic}
    uintx ProfiledCodeHeapSize                     = 122909434                              {pd product} {ergonomic}
    uintx ReservedCodeCacheSize                    = 251658240                              {pd product} {ergonomic}
     bool SegmentedCodeCache                       = true                                      {product} {ergonomic}
   size_t SoftMaxHeapSize                          = 2147483648                             {manageable} {ergonomic}
     bool UseCompressedClassPointers               = true                           {product lp64_product} {ergonomic}
     bool UseCompressedOops                        = true                           {product lp64_product} {ergonomic}
     bool UseG1GC                                  = true                                      {product} {ergonomic}
     bool UseLargePagesIndividualAllocation        = false                                  {pd product} {ergonomic}

Logging:
Log output configuration:
 #0: stdout all=warning uptime,level,tags
 #1: stderr all=off uptime,level,tags

Environment Variables:
CLASSPATH=C:\RN\godesk_engineer\android\\gradle\wrapper\gradle-wrapper.jar
PATH=C:\RN\godesk_engineer\node_modules\.bin;C:\RN\godesk_engineer\node_modules\.bin;C:\RN\node_modules\.bin;C:\node_modules\.bin;C:\Users\Admin\AppData\Roaming\npm\node_modules\npm\node_modules\@npmcli\run-script\lib\node-gyp-bin;C:\Program Files\Common Files\Oracle\Java\javapath;C:\Program Files (x86)\Common Files\Oracle\Java\javapath;C:\WINDOWS\system32;C:\WINDOWS;C:\WINDOWS\System32\Wbem;C:\WINDOWS\System32\WindowsPowerShell\v1.0\;C:\WINDOWS\System32\OpenSSH\;C:\Program Files\dotnet\;C:\Program Files\Java\jdk1.8.0_202\bin;C:\msys64\ucrt64\bin;C:\flutter\bin;C:\Program Files\Git\cmd;C:\Users\AppData\Local\Android\Sdk\platform-tools;C:\Users\Admin\AppData\Local\Android\Sdk\platform-tools;C:\Program Files\nodejs\;C:\Users\Admin\AppData\Local\Android\Sdk\tools;C:\Users\Admin\AppData\Local\Microsoft\WindowsApps;C:\Users\Admin\AppData\Local\Programs\Microsoft VS Code\bin;C:\Users\Admin\AppData\Local\GitHubDesktop\bin;C:\Program Files\JetBrains\IntelliJ IDEA Community Edition 2023.3.1\bin;;C:\msys64\ucrt64\bin;C:\Program Files (x86)\Nmap;C:\flutter\bin;C:\Users\AppData\Local\Android\Sdk\platform-tools;C:\Users\Admin\AppData\Local\Android\Sdk\platform-tools;C:\Users\Admin\AppData\Roaming\npm;c:\Users\Admin\AppData\Roaming\Code\User\globalStorage\github.copilot-chat\debugCommand
USERNAME=Admin
LANG=en_US.UTF-8
OS=Windows_NT
PROCESSOR_IDENTIFIER=Intel64 Family 6 Model 142 Stepping 12, GenuineIntel



---------------  S Y S T E M  ---------------

OS:
 Windows 11 , 64 bit Build 26100 (10.0.26100.4484)
OS uptime: 22 days 3:13 hours

CPU: total 8 (initial active 8) (4 cores per cpu, 2 threads per core) family 6 model 142 stepping 12 microcode 0xf8, cx8, cmov, fxsr, ht, mmx, 3dnowpref, sse, sse2, sse3, ssse3, sse4.1, sse4.2, popcnt, lzcnt, tsc, tscinvbit, avx, avx2, aes, erms, clmul, bmi1, bmi2, adx, fma, vzeroupper, clflush, clflushopt

Memory: 4k page, system-wide physical 7792M (551M free)
TotalPageFile size 31344M (AvailPageFile size 4M)
current process WorkingSet (physical memory assigned to process): 521M, peak: 670M
current process commit charge ("private bytes"): 1272M, peak: 1274M

vm_info: Java HotSpot(TM) 64-Bit Server VM (17.0.11+7-LTS-207) for windows-amd64 JRE (17.0.11+7-LTS-207), built on Mar 11 2024 19:01:50 by "mach5one" with MS VC++ 17.6 (VS2022)

END.
